Field,Type,Description
Common Name,Text,Taxon common name
Scientific Name,Text,Taxon scientific name
Foraging Strategy,Unordered,"Foraging group, following Kuletz et al. 2015 Prog. Oc. 136:175-200."
Body Size Group,Ordered,Body size category
Number Recorded On-transect,Absolute,Number recorded on-transect
Percent of Total,Absolute,Percent of total number recorded on-transect
Number Recorded Off-transect,Absolute,Number recorded on-transect
Percent of Total,Absolute,Percent of total number recorded off-transect
