Field,Type,Description
Transect_Segment,Unordered,"Transect subsection. After data were collected, each transect was subdivided into contiguous 3km subsections, which were labeled with sequential numbers (TRANSECTNAME_NUMBER) in this field Remainders of less than 3km were labeled “NA” in this field."
year,Date/Time,Year (ADT)
month,Date/Time,Month (ADT)
day,Date/Time,Day (ADT)
juliand,Date/Time,Julian Day (ADT)
mLat,Relative,Mean latitude coordinate
Mlong,Relative,Mean longitude coordinate
tLength,Absolute,Transect subsection length (m)
TransectWidth,Absolute,Transect subsection width (m)
tArea,Absolute,Transect subsection area (m2)
startTime,Date/Time,Transect subsection start time
endTime,Date/Time,Transect subsection end time
All remaining fields,Absolute,"Density estimate (birds/km2 for each seabird taxon. Field names follow taxon codes (see North Pacific Pelagic Seabird Database Taxonomic Code List for Pelagic Bird and Mammal Surveys, Version 2.1)"
