Common Name,Scientific Name,Foraging Strategy,Body Size Group,Number Recorded On-transect,Percent of Total,Number Recorded Off-transect,Percent of Total
Red-throated loon,Gavia stellata,Subsurface,Large,0,0,2,0
Pacific Loon,Gavia pacifica,Subsurface,Large,29,0.3,66,1.2
Yellow-billed Loon,Gavia adamsii,Subsurface,Large,4,0,5,0.1
Loon spp.,Gavia spp.,Subsurface,Large,10,0.1,41,0.8
Northern Fulmar,Fulmarus glacialis,Surface,Large,76,0.7,24,0.4
Short-tailed Shearwater,Puffinus tenuirostris,Shearwater,Medium,679,6.2,125,2.3
Dark Shearwater spp.,Puffinus spp.,Shearwater,Medium,2623,24,657,12.1
Long-tailed Duck,Clangula hyemalis,Benthic,Large,59,0.5,9,0.2
Common Eider,Somateria mollissima,Benthic,Large,28,0.3,71,1.3
King Eider,Somateria spectabilis,Benthic,Large,7,0.1,17,0.3
Spectacled Eider,Somateria fischeri,Benthic,Large,5,0,6,0.1
Eider spp.,Somateria spp.,Benthic,Large,101,0.9,2244,41.2
Red-breasted Merganser,Mergus serrator,Subsurface,Large,1,0,0,0
Duck spp.,Anatidae spp.,Benthic,Large,1,0,143,2.6
Waterfowl spp.,Anatidae spp.,Benthic,Large,0,0,66,1.2
Long-billed Dowitcher,Limnodromus scolopaceus,Intertidal,Small,2,0,1,0
Red Phalarope,Phalaropus fulicarius,Surface,Small,177,1.6,49,0.9
Red-necked Phalarope,Phalaropus lobatus,Surface,Small,3,0,2,0
Phalarope spp.,Phalaropus spp.,Surface,Small,365,3.3,226,4.1
Shorebird spp.,Scolopacidae spp.,Intertidal,Small,6,0.1,60,1.1
Pomarine Jaeger,Stercorarius pomarinus,Surface,Large,8,0.1,26,0.5
Parasitic Jaeger,Stercorarius parasiticus,Surface,Large,12,0.1,27,0.5
Long-tailed Jaeger,Stercorarius longicaudus,Surface,Large,1,0,6,0.1
Jaeger spp.,Stercorarius spp.,Surface,Large,6,0.1,12,0.2
Glaucous Gull,Larus hyperboreus,Surface,Large,63,0.6,61,1.1
Herring Gull,Larus argentatus,Surface,Large,1,0,0,0
Thayer's Gull,Larus thayeri,Surface,Large,1,0,0,0
Black-legged Kittiwake,Rissa tridactyla,Surface,Medium,293,2.7,78,1.4
Sabine's Gull,Xema sabini,Surface,Medium,14,0.1,19,0.3
Gull spp.,Larus spp.,Surface,Large,7,0.1,0,0
Arctic Tern,Sterna paradisaea,Surface,Medium,68,0.6,55,1
Common Murre,Uria aalge,Subsurface,Medium,162,1.5,5,0.1
Thick-billed Murre,Uria lomvia,Subsurface,Medium,327,3,52,1
Murre spp.,Uria spp.,Subsurface,Medium,370,3.4,544,10
Dovekie,Alle alle,Subsurface,Small,3,0,1,0
Black Guillemot,Cepphus grylle,Subsurface,Medium,2,0,3,0.1
Guillemot spp.,Cepphus spp.,Subsurface,Medium,0,0,1,0
Kittlitz's Murrelet,Brachyramphus brevirostris,Subsurface,Small,59,0.5,4,0.1
Brachyramphus Murrelet spp.,Brachyramphus spp.,Subsurface,Small,22,0.2,7,0.1
Ancient Murrelet,Synthliboramphus antiquus,Subsurface,Small,2,0,6,0.1
Parakeet Auklet,Aethia psittacula,Subsurface,Small,55,0.5,2,0
Crested Auklet,Aethia cristatella,Subsurface,Small,2377,21.8,445,8.2
Least Auklet,Aethia pusilla,Subsurface,Very Small,2745,25.2,65,1.2
Auklet spp.,Aethia spp.,Subsurface,Small,2,0,1,0
Small Dark Alcid spp.,Alcidae spp.,Subsurface,Small,84,0.8,194,3.6
Horned Puffin,Fratercula corniculata,Subsurface,Medium,26,0.2,17,0.3
Tufted Puffin,Fratercula cirrhata,Subsurface,Medium,17,0.2,6,0.1
Alcid spp.,Alcidae spp.,Subsurface,Medium,10,0.1,0,0
Total,,,,10913,100,5451,100
