Cruise,eventDate,locationID,decimalLatitude,decimalLongitude,maximumDepthInMeters,samplingProtocol,Haul,Quantitative,Distance,Width,SST,BT,SSS,Bsal
AMBON15,2015-08-13T05:50-08:00,CL0,68.90218,-166.413,31,IKMT,3,Quantitative,362.8697053,,10.2182,9.7864,30.075,30.1976
AMBON15,2015-08-13T05:38-08:00,CL0,68.909565,-166.4094,31,PSBTA,11,Quantitative,230.7396678,2.257,10.2182,9.7864,30.075,30.1976
AMBON15,2015-08-13T08:31-08:00,CL1,68.948515,-166.91285,45,PSBTA,12,Quantitative,260.158685,2.257,10.0265,7.4619,30.1181,31.7046
AMBON15,2015-08-14T05:18-08:00,CL2,69.03027,-167.9392,47,PSBTA,14,Quantitative,264.2284224,2.257,8.9493,6.399,30.879,31.9789
AMBON15,2015-08-13T22:18-08:00,CL3,69.029805,-168.90595,51,IKMT,4,Quantitative,722.7787602,,7.954,4.7253,31.7894,32.1396
AMBON15,2015-08-13T21:54-08:00,CL3,69.03186,-168.89528,51,PSBTA,13,Quantitative,212.2864942,2.257,7.954,4.7253,31.7894,32.1396
AMBON15,2015-08-13T00:14-08:00,DBO3.1,68.30091,-166.9406,34,PSBTA,9,Non-Quantitative,211.3823222,2.257,10.281,8.4617,30.0728,31.1977
AMBON15,2015-08-13T00:31-08:00,DBO3.1,68.301565,-166.9429,34,PSBTA,10,Quantitative,266.9031834,2.257,10.281,8.4617,30.0728,31.1977
AMBON15,2015-08-12T22:55-08:00,DBO3.2,68.24646,-167.12595,41,IKMT,2,Quantitative,527.1351095,,8.5109,7.6413,31.4896,31.7238
AMBON15,2015-08-12T22:40-08:00,DBO3.2,68.24373,-167.124,41,PSBTA,8,Quantitative,288.399583,2.257,8.5109,7.6413,31.4896,31.7238
AMBON15,2015-08-12T20:50-08:00,DBO3.3,68.187105,-167.30835,47,PSBTA,7,Quantitative,302.4083995,2.257,7.6238,7.3734,31.7843,31.9014
AMBON15,2015-08-12T07:57-08:00,DBO3.4,68.128835,-167.49755,47,PSBTA,5,Quantitative,162.901389,2.257,7.4083,5.8559,31.9437,32.0327
AMBON15,2015-08-12T08:14-08:00,DBO3.4,68.12776,-167.49825,47,PSBTA,6,Quantitative,222.5264263,2.257,7.4083,5.8559,31.9437,32.0327
AMBON15,2015-08-12T05:21-08:00,DBO3.5,68.012385,-167.86695,50,PSBTA,4,Quantitative,237.2335446,2.257,7.3785,4.6806,31.7516,32.2596
AMBON15,2015-08-12T02:50-08:00,DBO3.6,67.899335,-168.2356,56,PSBTA,3,Quantitative,251.4074472,2.257,5.9858,4.1919,32.4077,32.6032
AMBON15,2015-08-12T00:18-08:00,DBO3.7,67.778185,-168.603,48,PSBTA,2,Quantitative,254.1401643,2.257,5.5726,3.9225,32.6913,32.6893
AMBON15,2015-08-11T22:01-08:00,DBO3.8,67.67514,-168.9573,48,IKMT,1,Quantitative,528.0717878,,6.0512,3.8203,32.649,32.745
AMBON15,2015-08-11T21:41-08:00,DBO3.8,67.67147,-168.95775,48,PSBTA,1,Quantitative,248.4246896,2.257,6.0512,3.8203,32.649,32.745
AMBON15,2015-09-03T03:59-08:00,ML1.1,70.034395,-162.7684,13,IKMT,30,Quantitative,266.938179,,7.4819,7.2228,29.6269,30.6003
AMBON15,2015-09-03T03:45-08:00,ML1.1,70.0373,-162.7863,13,PSBTA,75,Quantitative,259.5517289,2.257,7.4819,7.2228,29.6269,30.6003
AMBON15,2015-09-01T07:20-08:00,ML1.10,71.145135,-166.03305,41,IKMT,26,Quantitative,684.3678009,,4.2698,0.3864,31.9092,32.3599
AMBON15,2015-09-01T06:47-08:00,ML1.10,71.143135,-166.02985,41,PSBTA,66,Non-Quantitative,354.4808757,2.257,4.2698,0.3864,31.9092,32.3599
AMBON15,2015-09-01T07:06-08:00,ML1.10,71.14378,-166.028675,41,PSBTA,67,Non-Quantitative,442.1420489,2.257,4.2698,0.3864,31.9092,32.3599
AMBON15,2015-09-01T04:11-08:00,ML1.11,71.26343,-166.42675,43,PSBTA,65,Quantitative,278.5427476,2.257,4.2273,0.091,31.8668,32.4007
AMBON15,2015-09-01T01:33-08:00,ML1.12,71.38488,-166.8244,45,PSBTA,64,Quantitative,297.207689,2.257,3.8523,0.2572,31.7963,32.3332
AMBON15,2015-08-31T22:35-08:00,ML1.13,71.5075,-167.21855,47,IKMT,25,Quantitative,711.7659464,,3.9035,-0.1502,31.7356,32.3812
AMBON15,2015-08-31T22:04-08:00,ML1.13,71.50988,-167.2197,47,PSBTA,62,Non-Quantitative,255.6824871,2.257,3.9035,-0.1502,31.7356,32.3812
AMBON15,2015-08-31T22:21-08:00,ML1.13,71.509775,-167.21935,47,PSBTA,63,Quantitative,263.6571488,2.257,3.9035,-0.1502,31.7356,32.3812
AMBON15,2015-09-03T01:13-08:00,ML1.2,70.14116,-163.05405,20,PSBTA,74,Quantitative,270.0680774,2.257,7.5981,7.5301,30.682,30.7489
AMBON15,2015-09-02T23:09-08:00,ML1.3,70.269545,-163.4069,28,IKMT,29,Quantitative,466.0198257,,7.5981,7.5301,30.682,30.7489
AMBON15,2015-09-02T21:18-08:00,ML1.4,70.400415,-163.7541,33,PSBTA,73,Quantitative,258.832682,2.257,7.2292,6.6107,30.9733,31.2141
AMBON15,2015-09-02T07:02-08:00,ML1.5,70.520215,-164.126,42,PSBTA,72,Quantitative,269.1417403,2.257,5.7068,5.5896,31.6739,31.699
AMBON15,2015-09-02T04:30-08:00,ML1.6,70.646575,-164.50425,45,IKMT,28,Quantitative,727.2227864,,5.0948,4.8999,31.8608,31.8786
AMBON15,2015-09-02T04:15-08:00,ML1.6,70.648165,-164.50265,45,PSBTA,71,Quantitative,268.7578586,2.257,5.0948,4.8999,31.8608,31.8786
AMBON15,2015-09-02T01:55-08:00,ML1.7,70.772115,-164.8846,38,PSBTA,70,Quantitative,282.7738107,2.257,5.0186,4.8204,31.8818,31.8975
AMBON15,2015-09-01T23:41-08:00,ML1.8,70.894035,-165.25865,39,IKMT,27,Quantitative,701.6505686,,5.1019,1.2476,31.8683,32.2957
AMBON15,2015-09-01T23:28-08:00,ML1.8,70.89604,-165.25165,39,PSBTA,69,Quantitative,260.9910576,2.257,5.1019,1.2476,31.8683,32.2957
AMBON15,2015-09-01T21:06-08:00,ML1.9,71.019405,-165.6375,41,PSBTA,68,Quantitative,303.4214994,2.257,4.847,0.7074,31.8893,32.3337
AMBON15,2015-08-25T02:12-08:00,ML3.1,70.4926,-160.62325,15,IKMT,18,Quantitative,320.8068078,,4.4157,2.2122,31.4961,31.7883
AMBON15,2015-08-25T01:57-08:00,ML3.1,70.495775,-160.6066,15,PSBTA,53,Quantitative,237.0884113,2.257,4.4157,2.2122,31.4961,31.7883
AMBON15,2015-08-23T05:23-08:00,ML3.10,71.61897,-163.7596,39,PSBTA,44,Quantitative,291.3382099,2.257,5.4103,0.7142,29.8421,32.2167
AMBON15,2015-08-23T03:00-08:00,ML3.11,71.744425,-164.15005,38,IKMT,15,Quantitative,551.3708419,,5.6585,1.4859,30.3275,32.1785
AMBON15,2015-08-23T02:46-08:00,ML3.11,71.744905,-164.15745,38,PSBTA,43,Quantitative,281.4733747,2.257,5.6585,1.4859,30.3275,32.1785
AMBON15,2015-08-22T23:56-08:00,ML3.12,71.869465,-164.56685,38,PSBTA,42,Quantitative,273.1583655,2.257,6.683,1.1292,31.3803,32.113
AMBON15,2015-08-22T21:15-08:00,ML3.13,71.993115,-164.94765,38,PSBTA,41,Quantitative,273.3953714,2.257,7.326,1.4217,31.0931,32.0868
AMBON15,2015-08-22T07:55-08:00,ML3.14,72.120405,-165.3502,43,IKMT,14,Quantitative,664.0359407,,7.2891,1.6296,31.4227,32.2296
AMBON15,2015-08-22T07:41-08:00,ML3.14,72.11795,-165.3554,43,PSBTA,40,Quantitative,258.202755,2.257,7.2891,1.6296,31.4227,32.2296
AMBON15,2015-08-24T23:56-08:00,ML3.2,70.57916,-160.82905,25,PSBTA,51,Non-Quantitative,279.9555939,2.257,7.852,1.6417,30.8064,31.9902
AMBON15,2015-08-25T00:12-08:00,ML3.2,70.578245,-160.83155,25,PSBTA,52,Quantitative,295.4947848,2.257,7.852,1.6417,30.8064,31.9902
AMBON15,2015-08-24T21:03-08:00,ML3.3,70.7134,-161.1545,41,PSBTA,50,Quantitative,284.5724194,2.257,7.647,1.119,30.8051,32.0249
AMBON15,2015-08-24T06:04-08:00,ML3.5,70.976505,-161.8899,43,PSBTA,49,Quantitative,338.099572,2.257,7.4358,-0.8881,30.7623,32.2341
AMBON15,2015-08-24T03:39-08:00,ML3.6,71.10172,-162.24585,44,IKMT,17,Quantitative,740.838475,,7.5261,-1.1979,30.7732,32.2688
AMBON15,2015-08-24T03:25-08:00,ML3.6,71.10351,-162.24565,44,PSBTA,48,Quantitative,293.2451456,2.257,7.5261,-1.1979,30.7732,32.2688
AMBON15,2015-08-24T00:28-08:00,ML3.7,71.231295,-162.6282,45,PSBTA,47,Quantitative,275.2573255,2.257,5.9818,-1.2604,29.6814,32.2537
AMBON15,2015-08-23T21:55-08:00,ML3.8,71.36359,-162.99955,43,IKMT,16,Quantitative,626.8774209,,5.762,-0.2818,29.0882,32.2048
AMBON15,2015-08-23T21:35-08:00,ML3.8,71.362315,-163.0038,43,PSBTA,46,Quantitative,277.7990207,2.257,5.762,-0.2818,29.0882,32.2048
AMBON15,2015-08-23T07:49-08:00,ML3.9,71.48964,-163.3803,40,PSBTA,45,Quantitative,269.6819766,2.257,5.5842,0.7026,30.0167,32.2275
AMBON15,2015-08-18T21:10-08:00,ML4.1,70.89509,-159.3811,25,IKMT,8,Quantitative,404.754813,,7.5959,3.7614,30.893,31.4305
AMBON15,2015-08-18T20:57-08:00,ML4.1,70.892985,-159.3866,25,PSBTA,24,Quantitative,217.1497025,2.257,7.5959,3.7614,30.893,31.4305
AMBON15,2015-08-21T03:11-08:00,ML4.10,71.98048,-162.5336,30,PSBTA,35,Quantitative,281.9069116,2.257,4.348,-1.2175,27.2835,32.0627
AMBON15,2015-08-21T06:04-08:00,ML4.11,72.108125,-162.89775,38,IKMT,12,Quantitative,652.1673717,,4.2238,0.2338,26.6898,32.2099
AMBON15,2015-08-21T05:43-08:00,ML4.11,72.109345,-162.9243,38,PSBTA,36,Quantitative,278.2117126,2.257,4.2238,0.2338,26.6898,32.2099
AMBON15,2015-08-21T21:06-08:00,ML4.12,72.235835,-163.31055,38,PSBTA,37,Quantitative,289.0112032,2.257,6.3986,0.2559,31.0769,32.1645
AMBON15,2015-08-21T23:36-08:00,ML4.13,72.364645,-163.70165,42,PSBTA,38,Quantitative,278.2784254,2.257,7.1694,-0.1088,31.3496,32.3356
AMBON15,2015-08-22T02:44-08:00,ML4.14,72.493595,-164.1017,47,IKMT,13,Quantitative,838.4017306,,5.4278,-1.1484,30.9719,32.4775
AMBON15,2015-08-22T02:25-08:00,ML4.14,72.493175,-164.10265,47,PSBTA,39,Quantitative,306.6643607,2.257,5.4278,-1.1484,30.9719,32.4775
AMBON15,2015-08-18T22:45-08:00,ML4.2,70.930825,-159.50815,44,PSBTA,25,Quantitative,242.9052615,2.257,8.1634,0.7529,30.5768,32.0862
AMBON15,2015-08-19T01:17-08:00,ML4.3,71.062555,-159.8868,55,PSBTA,26,Non-Quantitative,285.9738625,2.257,6.9842,-1.6341,30.6681,32.4686
AMBON15,2015-08-19T01:34-08:00,ML4.3,71.06147,-159.88635,55,PSBTA,27,Non-Quantitative,307.9079553,2.257,6.9842,-1.6341,30.6681,32.4686
AMBON15,2015-08-19T04:44-08:00,ML4.4,71.193665,-160.2618,53,PSBTA,28,Quantitative,288.00996,2.257,4.6053,-1.65,29.6203,32.4721
AMBON15,2015-08-19T22:04-08:00,ML4.5,71.323525,-160.6552,46,PSBTA,30,Quantitative,298.3712329,2.257,4.7775,-1.6422,28.2134,32.4573
AMBON15,2015-08-20T01:07-08:00,ML4.6,71.457525,-161.03725,46,IKMT,10,Quantitative,691.8627316,,4.6807,-1.6296,28.6748,32.4498
AMBON15,2015-08-20T00:51-08:00,ML4.6,71.45546,-161.03753,46,PSBTA,31,Quantitative,279.1498054,2.257,4.6807,-1.6296,28.6748,32.4498
AMBON15,2015-08-20T04:21-08:00,ML4.7,71.589855,-161.3974,45,PSBTA,32,Quantitative,346.6801703,2.257,4.5896,-1.5684,27.3991,32.3288
AMBON15,2015-08-20T22:24-08:00,ML4.8,71.720125,-161.7715,42,IKMT,11,Quantitative,639.2777771,,4.5099,-1.4375,26.9323,32.1131
AMBON15,2015-08-20T22:07-08:00,ML4.8,71.71978,-161.77735,42,PSBTA,33,Quantitative,287.7554063,2.257,4.5099,-1.4375,26.9323,32.1131
AMBON15,2015-08-21T00:54-08:00,ML4.9,71.850805,-162.15225,40,PSBTA,34,Quantitative,287.7218943,2.257,4.1238,-1.4401,26.935,32.1386
AMBON15,2015-08-31T08:19-08:00,ML5.1,70.646345,-165.99745,41,IKMT,24,Quantitative,671.8447194,,5.5213,5.4707,31.7744,31.7758
AMBON15,2015-08-31T08:06-08:00,ML5.1,70.647245,-165.99565,41,PSBTA,61,Quantitative,284.5885529,2.257,5.5213,5.4707,31.7744,31.7758
AMBON15,2015-08-30T00:04-08:00,ML5.10,71.606705,-162.195,42,IKMT,20,Quantitative,652.5006881,,2.3209,-0.313,30.7764,32.196
AMBON15,2015-08-29T23:49-08:00,ML5.10,71.60585,-162.203,42,PSBTA,54,Quantitative,307.3390678,2.257,2.3209,-0.313,30.7764,32.196
AMBON15,2015-08-29T21:10-08:00,ML4.8,71.722455,-161.78535,43,IKMT,19,Quantitative,611.6651479,,2.3209,-0.313,30.7764,32.196
AMBON15,2015-08-31T06:04-08:00,ML5.2,70.771325,-165.6327,39,PSBTA,60,Quantitative,344.9675849,2.257,5.0143,5.0103,31.8723,31.8734
AMBON15,2015-08-31T02:38-08:00,ML5.4,71.02273,-164.87255,33,IKMT,23,Quantitative,735.4279119,,4.4473,4.0442,31.9335,31.9754
AMBON15,2015-08-31T02:25-08:00,ML5.4,71.023255,-164.8732,33,PSBTA,59,Quantitative,289.2980288,2.257,4.4473,4.0442,31.9335,31.9754
AMBON15,2015-08-31T00:21-08:00,ML5.5,71.14617,-164.4813,41,IKMT,22,Quantitative,665.0015483,,4.0862,4.0921,31.9109,31.9103
AMBON15,2015-08-31T00:08-08:00,ML5.5,71.146205,-164.4836,41,PSBTA,58,Quantitative,301.8455915,2.257,4.0862,4.0921,31.9109,31.9103
AMBON15,2015-08-30T21:15-08:00,ML5.6,71.11909,-163.8033,41,PSBTA,57,Quantitative,282.2807585,2.257,4.2887,4.233,31.8451,31.8987
AMBON15,2015-08-30T06:53-08:00,ML5.7,71.246465,-163.3967,42,PSBTA,56,Quantitative,294.7845131,2.257,4.4086,2.8658,31.6438,32.0816
AMBON15,2015-08-30T02:42-08:00,ML5.9,71.485925,-162.60945,42,IKMT,21,Quantitative,725.3523703,,4.3926,1.4279,31.1106,32.1649
AMBON15,2015-08-30T02:28-08:00,ML5.9,71.485965,-162.6066,42,PSBTA,55,Quantitative,301.6522023,2.257,4.3926,1.4279,31.1106,32.1649
AMBON15,2015-08-14T21:46-08:00,ML6.1,70.086825,-163.9717,30,IKMT,5,Quantitative,492.3049553,,9.4129,5.8705,30.7149,31.0286
AMBON15,2015-08-14T21:26-08:00,ML6.1,70.08649,-163.95705,30,PSBTA,15,Quantitative,264.3158635,2.257,9.4129,5.8705,30.7149,31.0286
AMBON15,2015-08-19T08:20-08:00,ML6.11,71.362735,-159.68745,49,IKMT,9,Quantitative,735.0627844,,4.8488,-1.6553,28.0808,32.4734
AMBON15,2015-08-19T07:59-08:00,ML6.11,71.358535,-159.6956,49,PSBTA,29,Quantitative,279.8549877,2.257,4.8488,-1.6553,28.0808,32.4734
AMBON15,2015-08-15T00:50-08:00,ML1.3,70.26883,-163.40245,29,PSBTA,16,Quantitative,259.1043287,2.257,9.1951,7.3361,30.7245,30.9119
AMBON15,2015-08-15T03:27-08:00,ML6.3,70.389035,-163.0277,30,PSBTA,17,Quantitative,271.0090249,2.257,9.0605,7.8044,30.7657,30.9232
AMBON15,2015-08-15T06:04-08:00,ML6.4,70.505745,-162.66855,33,IKMT,6,Quantitative,465.3193001,,8.9945,6.2849,30.8154,31.093
AMBON15,2015-08-15T05:48-08:00,ML6.4,70.507905,-162.65495,33,PSBTA,18,Quantitative,273.6605671,2.257,8.9945,6.2849,30.8154,31.093
AMBON15,2015-08-15T21:14-08:00,ML6.5,70.627945,-162.25665,38,PSBTA,19,Quantitative,294.5538833,2.257,8.6224,5.4637,31.0146,31.2818
AMBON15,2015-08-15T23:31-08:00,ML6.6,70.722205,-161.9405,40,PSBTA,20,Quantitative,299.0653909,2.257,8.6176,5.2377,31.0192,31.4477
AMBON15,2015-08-16T02:59-08:00,ML6.7,70.845175,-161.5377,43,PSBTA,21,Quantitative,292.3190788,2.257,8.7426,4.9265,30.7308,31.672
AMBON15,2015-08-16T05:47-08:00,ML6.8,70.960685,-161.13705,42,PSBTA,22,Quantitative,243.890464,2.257,8.6609,2.7151,30.4052,31.5758
AMBON15,2015-08-16T08:28-08:00,ML6.9,71.076795,-160.72815,54,IKMT,7,Quantitative,730.1109721,,8.0185,1.2559,30.501,32.1501
AMBON15,2015-08-16T08:15-08:00,ML6.9,71.07851,-160.7164,54,PSBTA,23,Quantitative,294.2516975,2.257,8.0185,1.2559,30.501,32.1501
AMBON17,2017-08-20T23:07-08:00,BBL1,69.34192,-163.52115,15,IKMT,29,Quantitative,166.8234682,,9.8612,8.8253,29.8181,30.1295
AMBON17,2017-08-20T23:22-08:00,BBL1,69.344915,-163.50625,15,PSBTA,89,Quantitative,141.5223659,2.257,9.8612,8.8253,29.8181,30.1295
AMBON17,2017-08-22T07:26-08:00,BBL10,70.192525,-167.36405,51,IKMT,32,Quantitative,1709.328284,,6.6742,3.8871,32.3966,32.7524
AMBON17,2017-08-22T08:32-08:00,BBL10,70.193385,-167.36315,51,PSBTA,98,Quantitative,241.8230314,2.257,6.6742,3.8871,32.3966,32.7524
AMBON17,2017-08-22T11:27-08:00,BBL11,70.27993,-167.8151,49,PSBTA,99,Quantitative,289.1635493,2.257,6.6823,1.6739,31.9961,32.4987
AMBON17,2017-08-22T14:16-08:00,BBL12,70.369965,-168.2792,45,PSBTA,100,Quantitative,147.0166753,2.257,6.8048,1.4907,31.9687,32.3594
AMBON17,2017-08-21T02:14-08:00,BBL2,69.450915,-163.91205,23,PSBTA,90,Quantitative,119.6755081,2.257,8.5336,7.7513,30.3101,30.5242
AMBON17,2017-08-21T05:57-08:00,BBL3,69.550265,-164.4,27,PSBTA,91,Quantitative,303.0049799,2.257,8.6718,7.5385,30.5975,30.8957
AMBON17,2017-08-21T09:00-08:00,BBL4,69.644115,-164.80515,32,IKMT,30,Quantitative,1502.326787,,8.9181,7.2519,30.6397,31.7777
AMBON17,2017-08-21T09:52-08:00,BBL4,69.647185,-164.80505,32,PSBTA,92,Quantitative,132.6377344,2.257,8.9181,7.2519,30.6397,31.7777
AMBON17,2017-08-21T12:30-08:00,BBL5,69.734215,-165.2127,36,PSBTA,93,Quantitative,253.1575338,2.257,9.1551,7.2665,30.8096,31.8921
AMBON17,2017-08-21T15:27-08:00,BBL6,69.826605,-165.62855,41,PSBTA,94,Quantitative,446.7142842,2.257,8.8821,5.8548,31.0196,32.112
AMBON17,2017-08-21T21:51-08:00,BBL7,69.9181,-166.0538,45,IKMT,31,Quantitative,1577.002434,,8.4457,5.5286,31.2757,32.2242
AMBON17,2017-08-21T22:32-08:00,BBL7,69.91811,-166.04665,45,PSBTA,95,Quantitative,141.2469011,2.257,8.4457,5.5286,31.2757,32.2242
AMBON17,2017-08-22T01:38-08:00,BBL8,70.005665,-166.47875,47,PSBTA,96,Quantitative,186.5431876,2.257,8.1313,5.4283,31.607,32.2573
AMBON17,2017-08-22T04:48-08:00,BBL9,70.096895,-166.90825,47,PSBTA,97,Quantitative,197.6951824,2.257,7.4543,5.2053,31.987,32.4544
AMBON17,2017-08-08T16:35-08:00,CL0,68.89819,-166.4246,32,IKMT,4,Quantitative,1310.906239,,11.8829,9.8753,28.1247,31.0515
AMBON17,2017-08-08T17:21-08:00,CL0,68.897515,-166.42525,32,PSBTA,16,Non-Quantitative,298.1782404,2.257,11.8829,9.8753,28.1247,31.0515
AMBON17,2017-08-08T17:44-08:00,CL0,68.90323,-166.42785,32,PSBTA,17,Quantitative,379.821713,2.257,11.8829,9.8753,28.1247,31.0515
AMBON17,2017-08-08T13:53-08:00,CL1,68.948295,-166.9032,47,PSBTA,15,Quantitative,335.5589434,2.257,9.9856,7.2338,31.0775,31.9006
AMBON17,2017-08-08T08:44-08:00,CL2,69.030915,-167.9288,51,PSBTA,14,Quantitative,318.7313643,2.257,9.0415,5.4026,31.4958,32.2193
AMBON17,2017-08-08T03:54-08:00,CL3,69.03458,-168.8923,53,IKMT,3,Quantitative,933.1287273,,7.2769,4.3288,32.2452,32.3253
AMBON17,2017-08-08T03:11-08:00,CL3,69.03261,-168.8923,53,PSBTA,12,Non-Quantitative,292.9819656,2.257,7.2769,4.3288,32.2452,32.3253
AMBON17,2017-08-08T03:33-08:00,CL3,69.032655,-168.8924,53,PSBTA,13,Non-Quantitative,290.6896848,2.257,7.2769,4.3288,32.2452,32.3253
AMBON17,2017-08-07T17:53-08:00,DBO3.1,68.298365,-166.9308,35,PSBTA,11,Quantitative,316.583936,2.257,11.2541,10.549,30.7105,31.0114
AMBON17,2017-08-07T14:56-08:00,DBO3.2,68.24408,-167.1259,44,IKMT,2,Quantitative,1472.013932,,9.8826,8.5639,31.4581,31.4766
AMBON17,2017-08-07T16:01-08:00,DBO3.2,68.243795,-167.12555,44,PSBTA,10,Quantitative,348.0190782,2.257,9.8826,8.5639,31.4581,31.4766
AMBON17,2017-08-07T11:35-08:00,DBO3.3,68.18685,-167.30815,48,PSBTA,8,Non-Quantitative,184.3294209,2.257,9.6199,7.6943,31.6411,31.8461
AMBON17,2017-08-07T12:01-08:00,DBO3.3,68.187815,-167.30925,48,PSBTA,9,Quantitative,317.0429435,2.257,9.6199,7.6943,31.6411,31.8461
AMBON17,2017-08-07T09:39-08:00,DBO3.4,68.1266,-167.5007,51,PSBTA,7,Quantitative,199.4973652,2.257,9.7164,4.8102,31.7088,32.0533
AMBON17,2017-08-07T05:54-08:00,DBO3.5,68.01207,-167.86645,53,PSBTA,5,Non-Quantitative,241.6353203,2.257,7.5587,3.9081,32.0605,32.242
AMBON17,2017-08-07T06:22-08:00,DBO3.5,68.011895,-167.86695,53,PSBTA,6,Quantitative,240.0356883,2.257,7.5587,3.9081,32.0605,32.242
AMBON17,2017-08-07T03:03-08:00,DBO3.6,67.89613,-168.23505,55,PSBTA,4,Quantitative,238.1213151,2.257,8.0232,3.9387,31.5036,32.5151
AMBON17,2017-08-06T23:39-08:00,DBO3.7,67.77952,-168.6036,48,PSBTA,3,Quantitative,158.0983814,2.257,8.0272,3.9737,32.0062,32.7586
AMBON17,2017-08-06T19:06-08:00,DBO3.8,67.671645,-168.95435,48,IKMT,1,Quantitative,1120.835415,,6.7333,4.1382,32.7049,32.6324
AMBON17,2017-08-06T19:58-08:00,DBO3.8,67.664435,-168.9582,48,PSBTA,1,Non-Quantitative,182.2808549,2.257,6.7333,4.1382,32.7049,32.6324
AMBON17,2017-08-06T20:16-08:00,DBO3.8,67.668125,-168.95365,48,PSBTA,2,Quantitative,143.2487745,2.257,6.7333,4.1382,32.7049,32.6324
AMBON17,2017-08-17T15:54-08:00,ML1.1,70.03471,-162.77125,16,IKMT,21,Quantitative,331.1676877,,9.2439,9.1423,29.9239,30.0905
AMBON17,2017-08-17T16:08-08:00,ML1.1,70.038065,-162.7577,16,PSBTA,67,Quantitative,158.6490378,2.257,9.2439,9.1423,29.9239,30.0905
AMBON17,2017-08-18T20:03-08:00,ML1.10,71.141695,-166.0315,44,IKMT,24,Quantitative,1714.386499,,6.9688,3.8141,32.0882,32.5894
AMBON17,2017-08-18T20:42-08:00,ML1.10,71.14413,-166.0239,44,PSBTA,77,Quantitative,140.7937417,2.257,6.9688,3.8141,32.0882,32.5894
AMBON17,2017-08-18T23:41-08:00,ML1.11,71.26539,-166.42735,45,PSBTA,78,Quantitative,232.8451068,2.257,6.8489,4.197,32.2153,32.594
AMBON17,2017-08-19T02:25-08:00,ML1.12,71.38846,-166.8133,47,PSBTA,79,Quantitative,176.2572424,2.257,6.8098,4.0447,32.1939,32.6607
AMBON17,2017-08-19T05:10-08:00,ML1.13,71.507535,-167.23125,49,IKMT,25,Quantitative,1905.958424,,6.5838,3.0412,32.0258,32.6659
AMBON17,2017-08-19T06:07-08:00,ML1.13,71.50729,-167.2139,49,PSBTA,80,Quantitative,173.5866704,2.257,6.5838,3.0412,32.0258,32.6659
AMBON17,2017-08-17T18:46-08:00,ML1.2,70.14346,-163.04675,23,PSBTA,68,Quantitative,218.677836,2.257,6.5406,6.4587,31.1156,31.1085
AMBON17,2017-08-17T23:40-08:00,ML1.4,70.39642,-163.76065,37,PSBTA,69,Quantitative,149.7300516,2.257,7.9528,5.0083,31.3632,32.0876
AMBON17,2017-08-18T02:40-08:00,ML1.5,70.525095,-164.11625,45,PSBTA,70,Non-Quantitative,144.5636465,2.257,8.0706,3.9657,31.2966,32.3983
AMBON17,2017-08-18T03:02-08:00,ML1.5,70.526165,-164.131,45,PSBTA,71,Quantitative,209.0464889,2.257,8.0706,3.9657,31.2966,32.3983
AMBON17,2017-08-18T05:44-08:00,ML1.6,70.64688,-164.5042,47,IKMT,22,Quantitative,1278.886391,,7.4376,4.2408,31.8416,32.6407
AMBON17,2017-08-18T06:36-08:00,ML1.6,70.64686,-164.4996,47,PSBTA,72,Quantitative,162.8576423,2.257,7.4376,4.2408,31.8416,32.6407
AMBON17,2017-08-18T09:42-08:00,ML1.7,70.77266,-164.88175,41,PSBTA,73,Non-Quantitative,233.3231503,2.257,7.1928,4.2102,32.0747,32.6218
AMBON17,2017-08-18T10:06-08:00,ML1.7,70.773025,-164.87625,41,PSBTA,74,Quantitative,271.0558417,2.257,7.1928,4.2102,32.0747,32.6218
AMBON17,2017-08-18T12:36-08:00,ML1.8,70.892865,-165.2614,42,IKMT,23,Quantitative,2149.482987,,7.1184,3.6895,31.9358,32.4418
AMBON17,2017-08-18T13:22-08:00,ML1.8,70.8963,-165.2551,42,PSBTA,75,Quantitative,278.0773827,2.257,7.1184,3.6895,31.9358,32.4418
AMBON17,2017-08-18T16:50-08:00,ML1.9,71.019165,-165.6459,43,PSBTA,76,Quantitative,161.8982387,2.257,7.1806,3.8489,31.9904,32.5775
AMBON17,2017-08-17T06:49-08:00,ML3.1,70.495775,-160.6323,19,IKMT,20,Quantitative,281.9044352,,8.5431,8.5329,30.8472,30.8579
AMBON17,2017-08-17T07:01-08:00,ML3.1,70.49631,-160.6156,19,PSBTA,66,Quantitative,155.9638803,2.257,8.5431,8.5329,30.8472,30.8579
AMBON17,2017-08-16T02:24-08:00,ML3.10,71.61718,-163.77125,43,PSBTA,54,Quantitative,157.8416852,2.257,5.1845,0.065,31.4836,32.3265
AMBON17,2017-08-15T22:48-08:00,ML3.11,71.74335,-164.1505,40,IKMT,17,Quantitative,1281.482096,,5.1616,0.3658,31.5171,32.3891
AMBON17,2017-08-15T23:39-08:00,ML3.11,71.744165,-164.1525,40,PSBTA,53,Quantitative,50.26966795,2.257,5.1616,0.3658,31.5171,32.3891
AMBON17,2017-08-15T20:18-08:00,ML3.12,71.869815,-164.55605,41,PSBTA,52,Quantitative,154.4645662,2.257,5.5836,1.8255,31.8608,32.6409
AMBON17,2017-08-15T17:27-08:00,ML3.13,71.9935,-164.95495,42,PSBTA,51,Quantitative,247.6452172,2.257,5.5669,2.8444,31.7928,32.6776
AMBON17,2017-08-15T12:51-08:00,ML3.14,72.120605,-165.354,46,IKMT,16,Quantitative,1716.430488,,5.8188,3.4846,32.0008,32.6483
AMBON17,2017-08-15T13:45-08:00,ML3.14,72.11971,-165.35945,46,PSBTA,49,Non-Quantitative,215.9121702,2.257,5.8188,3.4846,32.0008,32.6483
AMBON17,2017-08-15T14:14-08:00,ML3.14,72.1194,-165.362,46,PSBTA,50,Quantitative,278.7438645,2.257,5.8188,3.4846,32.0008,32.6483
AMBON17,2017-08-17T04:30-08:00,ML3.2,70.57819,-160.81695,29,PSBTA,64,Non-Quantitative,151.7211005,2.257,6.5929,5.2327,31.6604,32.0963
AMBON17,2017-08-17T04:56-08:00,ML3.2,70.578555,-160.81905,29,PSBTA,65,Quantitative,177.1381556,2.257,6.5929,5.2327,31.6604,32.0963
AMBON17,2017-08-17T01:51-08:00,ML3.3,70.71505,-161.1836,44,PSBTA,63,Quantitative,154.2830188,2.257,3.7848,3.0011,32.2259,32.2718
AMBON17,2017-08-16T19:20-08:00,ML3.5,70.97301,-161.8996,47,PSBTA,61,Non-Quantitative,268.926919,2.257,8.5914,2.4563,30.7005,32.1347
AMBON17,2017-08-16T19:43-08:00,ML3.5,70.96835,-161.91665,47,PSBTA,62,Quantitative,300.6580258,2.257,8.5914,2.4563,30.7005,32.1347
AMBON17,2017-08-16T15:06-08:00,ML3.6,71.10687,-162.2473,47,IKMT,19,Quantitative,1726.892283,,7.8285,0.5331,30.9437,32.0928
AMBON17,2017-08-16T15:51-08:00,ML3.6,71.10649,-162.2467,47,PSBTA,59,Non-Quantitative,288.7221035,2.257,7.8285,0.5331,30.9437,32.0928
AMBON17,2017-08-16T16:16-08:00,ML3.6,71.099655,-162.26615,47,PSBTA,60,Quantitative,210.4793732,2.257,7.8285,0.5331,30.9437,32.0928
AMBON17,2017-08-16T12:09-08:00,ML3.7,71.23883,-162.63515,47,PSBTA,58,Quantitative,246.1163605,2.257,5.2153,0.5111,31.1925,32.2605
AMBON17,2017-08-16T07:49-08:00,ML3.8,71.36249,-163.0281,47,IKMT,18,Quantitative,1101.955006,,5.1399,0.5678,31.1883,32.251
AMBON17,2017-08-16T08:46-08:00,ML3.8,71.36312,-162.9889,47,PSBTA,56,Non-Quantitative,128.388464,2.257,5.1399,0.5678,31.1883,32.251
AMBON17,2017-08-16T09:05-08:00,ML3.8,71.362255,-162.99765,47,PSBTA,57,Quantitative,281.8578789,2.257,5.1399,0.5678,31.1883,32.251
AMBON17,2017-08-16T05:19-08:00,ML3.9,71.491935,-163.40275,44,PSBTA,55,Quantitative,116.4707103,2.257,5.2959,0.1063,31.2555,32.2368
AMBON17,2017-08-12T11:29-08:00,ML4.1,70.892545,-159.3922,29,IKMT,10,Quantitative,1242.701325,,10.0673,9.411,30.5412,30.5367
AMBON17,2017-08-12T12:12-08:00,ML4.1,70.88898,-159.40315,29,PSBTA,34,Quantitative,248.8418327,2.257,10.0673,9.411,30.5412,30.5367
AMBON17,2017-08-13T12:37-08:00,ML4.10,71.97991,-162.5355,33,PSBTA,41,Non-Quantitative,32.284,2.257,3.8581,0.2321,30.1486,31.6532
AMBON17,2017-08-13T12:56-08:00,ML4.10,71.9812,-162.5342,33,PSBTA,42,Non-Quantitative,185.751,2.257,3.8581,0.2321,30.1486,31.6532
AMBON17,2017-08-13T15:43-08:00,ML4.11,72.10588,-162.9302,40,IKMT,13,Quantitative,1705.833099,,4.7892,0.1264,31.3508,32.4073
AMBON17,2017-08-13T16:44-08:00,ML4.11,72.11291,-162.91445,40,PSBTA,43,Quantitative,504.2751066,2.257,4.7892,0.1264,31.3508,32.4073
AMBON17,2017-08-13T20:00-08:00,ML4.12,72.238265,-163.3181,41,PSBTA,44,Quantitative,177.9589739,2.257,5.1064,2.335,31.4431,32.6453
AMBON17,2017-08-13T23:02-08:00,ML4.13,72.364095,-163.7243,45,PSBTA,45,Quantitative,165.3569087,2.257,6.1747,2.1516,31.7907,32.5812
AMBON17,2017-08-14T01:54-08:00,ML4.14,72.49651,-164.10215,50,IKMT,14,Quantitative,1421.773367,,5.1661,1.4197,31.1059,32.5223
AMBON17,2017-08-14T02:35-08:00,ML4.14,72.49645,-164.10505,50,PSBTA,46,Quantitative,170.5380136,2.257,5.1661,1.4197,31.1059,32.5223
AMBON17,2017-08-12T09:46-08:00,ML4.2,70.93169,-159.5012,46,PSBTA,33,Quantitative,243.6494266,2.257,9.2222,7.7359,30.5424,31.6159
AMBON17,2017-08-12T06:28-08:00,ML4.3,71.060965,-159.88235,57,PSBTA,31,Non-Quantitative,162.2164579,2.257,5.5965,2.1011,31.3174,32.6004
AMBON17,2017-08-12T06:46-08:00,ML4.3,71.063305,-159.8852,57,PSBTA,32,Non-Quantitative,306.9117062,2.257,5.5965,2.1011,31.3174,32.6004
AMBON17,2017-08-12T19:14-08:00,ML4.5,71.322075,-160.66655,49,PSBTA,35,Non-Quantitative,207.8682483,2.257,4.8976,0.504,30.8658,32.1544
AMBON17,2017-08-12T19:38-08:00,ML4.5,71.322525,-160.6632,49,PSBTA,36,Quantitative,219.7020713,2.257,4.8976,0.504,30.8658,32.1544
AMBON17,2017-08-12T22:49-08:00,ML4.6,71.45332,-161.04185,47,IKMT,11,Quantitative,1246.745235,,5.0551,0.6295,31.147,32.224
AMBON17,2017-08-12T23:30-08:00,ML4.6,71.45603,-161.0369,47,PSBTA,37,Quantitative,184.4696556,2.257,5.0551,0.6295,31.147,32.224
AMBON17,2017-08-13T02:32-08:00,ML4.7,71.589615,-161.40085,47,PSBTA,38,Quantitative,202.1452821,2.257,4.8758,0.3417,31.2263,32.2967
AMBON17,2017-08-13T05:11-08:00,ML4.8,71.71717,-161.78115,45,IKMT,12,Quantitative,545.7908242,,4.3529,0.1256,30.5238,32.1182
AMBON17,2017-08-13T05:48-08:00,ML4.8,71.722755,-161.77325,45,PSBTA,39,Quantitative,173.0202572,2.257,4.3529,0.1256,30.5238,32.1182
AMBON17,2017-08-13T09:53-08:00,ML4.9,71.85021,-162.16445,43,PSBTA,40,Quantitative,159.7485482,2.257,4.1063,-0.2089,30.3795,31.9031
AMBON17,2017-08-20T10:15-08:00,ML5.1,70.649585,-165.9953,42,IKMT,28,Quantitative,1442.29665,,7.7306,4.3827,31.7332,32.1902
AMBON17,2017-08-20T11:00-08:00,ML5.1,70.64796,-165.99495,42,PSBTA,88,Quantitative,235.7289081,2.257,7.7306,4.3827,31.7332,32.1902
AMBON17,2017-08-14T23:15-08:00,ML5.10,71.60305,-162.2035,45,PSBTA,47,Quantitative,164.7327,2.257,5.0072,0.5936,31.3083,32.242
AMBON17,2017-08-20T07:35-08:00,ML5.2,70.773255,-165.62355,42,PSBTA,87,Quantitative,166.4080171,2.257,7.2745,4.0923,31.9153,32.4585
AMBON17,2017-08-20T01:50-08:00,ML5.4,71.022205,-164.87515,36,IKMT,27,Quantitative,1578.834541,,7.1502,3.8913,31.9496,32.3818
AMBON17,2017-08-20T02:52-08:00,ML5.4,71.023645,-164.88145,36,PSBTA,84,Non-Quantitative,170.9855366,2.257,7.1502,3.8913,31.9496,32.3818
AMBON17,2017-08-20T02:43-08:00,ML5.4,71.021585,-164.87165,36,PSBTA,85,Non-Quantitative,181.9422897,2.257,7.1502,3.8913,31.9496,32.3818
AMBON17,2017-08-20T03:14-08:00,ML5.4,71.02231,-164.87545,36,PSBTA,86,Non-Quantitative,174.9794031,2.257,7.1502,3.8913,31.9496,32.3818
AMBON17,2017-08-19T22:23-08:00,ML5.5,71.14619,-164.4856,43,IKMT,26,Quantitative,1676.57909,,6.1284,4.0898,31.9269,32.6207
AMBON17,2017-08-19T23:20-08:00,ML5.5,71.148365,-164.48455,43,PSBTA,83,Quantitative,154.5809815,2.257,6.1284,4.0898,31.9269,32.6207
AMBON17,2017-08-19T19:37-08:00,ML5.6,71.11846,-163.80485,44,PSBTA,82,Quantitative,123.0257034,2.257,5.8582,1.3539,31.7033,32.4873
AMBON17,2017-08-19T16:46-08:00,ML5.7,71.241105,-163.40265,45,PSBTA,81,Quantitative,269.3696809,2.257,6.0627,1.3324,31.6967,32.4556
AMBON17,2017-08-15T02:11-08:00,ML5.9,71.47438,-162.61105,45,IKMT,15,Quantitative,3098.465533,,5.0415,0.7973,31.2861,32.1856
AMBON17,2017-08-15T02:47-08:00,ML5.9,71.48282,-162.6011,45,PSBTA,48,Quantitative,146.9658292,2.257,5.0415,0.7973,31.2861,32.1856
AMBON17,2017-08-09T10:14-08:00,ML6.1,70.086355,-163.9484,33,IKMT,5,Quantitative,1888.769192,,9.879,4.4455,30.5561,31.271
AMBON17,2017-08-09T11:08-08:00,ML6.1,70.087585,-163.9465,33,PSBTA,18,Quantitative,242.7718062,2.257,9.879,4.4455,30.5561,31.271
AMBON17,2017-08-11T21:19-08:00,ML4.4,71.191905,-160.2716,55,PSBTA,29,Quantitative,416.1972436,2.257,5.0473,0.3712,31.0707,32.3041
AMBON17,2017-08-12T01:37-08:00,ML6.11,71.35831,-159.69895,51,IKMT,9,Quantitative,1235.469465,,3.8178,0.1478,30.408,32.3177
AMBON17,2017-08-12T02:15-08:00,ML6.11,71.359865,-159.69235,51,PSBTA,30,Quantitative,285.9296074,2.257,3.8178,0.1478,30.408,32.3177
AMBON17,2017-08-09T14:23-08:00,ML1.3,70.26868,-163.39985,32,IKMT,6,Quantitative,1756.756972,,9.696,3.9112,29.9632,31.1466
AMBON17,2017-08-09T15:17-08:00,ML1.3,70.270295,-163.39585,32,PSBTA,19,Non-Quantitative,279.2334858,2.257,9.696,3.9112,29.9632,31.1466
AMBON17,2017-08-09T15:48-08:00,ML1.3,70.270315,-163.3958,32,PSBTA,20,Non-Quantitative,319.1503729,2.257,9.696,3.9112,29.9632,31.1466
AMBON17,2017-08-09T19:11-08:00,ML6.3,70.388685,-163.0197,33,PSBTA,21,Quantitative,305.7743568,2.257,9.4616,4.3888,30.8929,31.3304
AMBON17,2017-08-09T21:41-08:00,ML6.4,70.510285,-162.652,36,IKMT,7,Quantitative,1516.600435,,9.4724,4.5352,31.0089,31.3795
AMBON17,2017-08-09T22:26-08:00,ML6.4,70.50866,-162.64825,36,PSBTA,22,Non-Quantitative,267.4929193,2.257,9.4724,4.5352,31.0089,31.3795
AMBON17,2017-08-09T22:52-08:00,ML6.4,70.51002,-162.64955,37,PSBTA,23,Quantitative,296.6297012,2.257,9.4724,4.5352,31.0089,31.3795
AMBON17,2017-08-10T01:41-08:00,ML6.5,70.626955,-162.24715,40,PSBTA,24,Quantitative,272.7393416,2.257,9.1696,5.1359,31.2232,31.5331
AMBON17,2017-08-10T04:27-08:00,ML6.6,70.74244,-161.938,42,PSBTA,25,Quantitative,323.695,2.257,8.9276,4.3549,31.3348,31.7822
AMBON17,2017-08-10T08:19-08:00,ML6.7,70.845845,-161.5327,42,PSBTA,26,Quantitative,243.4401774,2.257,7.8055,4.7555,32.2069,32.1617
AMBON17,2017-08-10T11:25-08:00,ML6.8,70.958755,-161.1432,45,PSBTA,27,Non-Quantitative,375.9754806,2.257,6.1483,4.2138,31.805,32.6674
AMBON17,2017-08-10T15:42-08:00,ML6.9,71.07792,-160.70825,56,PSBTA,28,Quantitative,292.841266,2.257,5.9801,2.1924,31.527,32.621
