Field,Type,Description
KEY,Absolute,Unique sequential identifier for each data record.
Latitude,Relative,Latitude coordinate.
Longitude,Relative,Longitude coordinate.
hh,Date/Time,Hour (ADT).
mm,Date/Time,Minute (ADT).
ss,Date/Time,Second (ADT).
YYYY,Date/Time,Year (ADT).
MO,Date/Time,Month (ADT).
DD,Date/Time,Day (ADT).
Rec,Absolute,Record number. Begins at 1 each time the computer program Dlog is restarted.
Type,Unordered,Record type. Either automatic (GPS) or manual (USER).
Spp,Unordered,"Four letter code for species observations. Codes follow the North Pacific Pelagic Seabird Database Taxonomic Code List for Pelagic Bird and Mammal Surveys, Version 2.1. "
Number,Absolute,Number of individuals observed for that species in that group.
Bin,Ordered,"Perpendicular distance of observation from vessel track line, calculated for comparison with strip-transect methods. 1 = 0-100m; 2 = 100-200m; 3 = 200-300m; 9 = off. transect. Values calculated from distances and angles, with bin-9 based on “Survey_Distance” field."
PluClass,Unordered,Plumage Class.
Behavior,Unordered,"Behavior of the organism:  WATER (sitting or swimming on the water), SCAN (in the air, observed during a scan when timer chimes) FLYING (in the air, not during a scan, used to record rare birds, missed during scans), ON ICE (observed on ice), ON FLOAT (observed sitting on a floating object such as a buoy or log), DEAD (deceased). A secondary behavior, FORAGE, is recorded in the 2nd Comment field. Foraging birds include all participants in a forage flock."
Comment1,Text,Comment field. START TRAN is used to start a transect; END TRAN is used to end transect; PAUSE TRAN is used to go “off effort” RESUME TRAN is used to go back “on-effort.”
Comment2,Text,Additional comment field.
Comment3,Unordered,"Additional comment field, here used to indicate transect subsections. After data were collected, each transect was subdivided into contiguous 3km subsections, which were labeled with sequential numbers (TRANSECTNAME_NUMBER) in this field. Remainders of less than 3km were labeled “NA” in this field."
Scan_Intvl,Absolute,"Scan interval, in seconds, used to count birds in the air. Scan intervals are based on ship speed over ground."
OnOffSurvy,Unordered,"YES indicates “on effort”, NO indicates “off effort”."
Transect,Unordered,Transect name.
Ice,Unordered,"Ice type. NONE = no ice; TRACE = few floating pieces. Other codes (NEW, BRASH, PANCAKE, ICE CAKE, SMALL FLOE, MEDIUM FLOE, BIG FLOW, VAST FLOE, GIANT FLOE, BELT, STRIP, BEACH, FAST ICE) follow page 16 in Sea Ice Guide book."
Percent_Ice,Absolute,"Proportion ice cover, in tenths."
Obsr,Unordered,Observer code
Glare,Ordered,Glare conditions. 1 = none; 1 = slight / grey (light); 2 = bright / 1 side (moderate); 3 = bright / to side and/or forward (harsh / reduces visibility).
Seas,Ordered,"Sea state. 0 = Glassy, slight ripple; 1 = calm, rippled, no whitecaps; 2 = wavelets <2' seas, occasional whitecap; 3 = 2' to 4' seas, choppy, some whitecaps; 4 = 4' to 6' seas, whitecaps, rough; 5 = >6' seas."
ObsCo,Ordered,"Observation conditions. EXLNT = all species visible to 300+ m; GOOD = all species visible to 300m; FAIR = storm-petrels, phalaropes, auklets visible to 100m and all other species to 200m; POOR = storm-petrels, phalaropes, auklets visible to 100m and all other species to 200m."
Weather,Unordered,Weather conditions. 0 = < 50% clouds; 1 = >50% clouds; 2 = patchy fog; 3 = solid fog; 4 = mist / light rain; 5 = medium / heavy rain; 6 = fog and rain; 7 = snow or hail.
Vessel,Unordered,Vessel name.
Survey_Distance,Absolute,"Transect width, used for strip-transect methods."
Flying_Bird_Survey_Method,Unordered,Method used to sample flying birds; scan = “snapshot” method.
Survey,Unordered,Project name.
Distance,Ordered,Linear distance to observation. Recorded in 6 categories. D1 = 0-50m; D2 = 50-100m; D3 = 100-150m; D4 = 150-200m; D5 = 200-300m; D6 = off-transect.
Angle,Absolute,"Radial angle of the observation from the trackline, in degrees. Recorded in 5-degree increments."
