Field,Type,Description
Date_AST,Date/Time,"Date, Alaska Standard Time. Month/Day/Year format."
Vessel,Unordered,Vessel Name.
Transect_ID,Unordered,Transect name.
Transect_Type,Unordered,"Transect type (line, strip, or station)."
Transect_Width,Absolute,Transect width (used in strip-transect analysis).
Obsr_Side,Unordered,Side of the vessel from which observations were made (Port or Starboard).
Obsr_Bridge,Unordered,Location on the vessel (Bridge or Flying Bridge).
Obsr,Unordered,Observer ID.
Vessel_Activity,Text,Description of vessel activity.
Vessel_Speed,Absolute,"Speed over ground, in knots."
Start_Time,Date/Time,"Transect start time, Alaska Standard Time."
End_Time,Date/Time,"Transect end time, Alaska Standard Time."
Start_Lat,Relative,Latitude coordinate of transect start location.
Start_Lon,Relative,Longitude coordinate of transect start location.
End_Lat,Relative,Latitude coordinate of transect end location.
End_Lon,Relative,Longitude coordinate of transect end location.
Ice_Cover,Absolute,"Ice cover, percent."
Ice_Type,Unordered,"Ice Type. Ice type. NONE = no ice; TRACE = few floating pieces. Other codes (NEW, BRASH, PANCAKE, ICE CAKE, SMALL FLOE, MEDIUM FLOE, BIG FLOW, VAST FLOE, GIANT FLOE, BELT, STRIP, BEACH, FAST ICE) follow page 16 in Sea Ice Guide book."
Air_Temp_F,Relative,"Air Temperature, Degrees F."
SST_F,Relative,"Sea Surface Temperature, Degrees F."
%_Clouds,Absolute,Percent cloud cover.
Wx,Unordered,Weather conditions. 0 = < 50% clouds; 1 = >50% clouds; 2 = patchy fog; 3 = solid fog; 4 = mist / light rain; 5 = medium / heavy rain; 6 = fog and rain; 7 = snow or hail.
Wind,Absolute / Absolute,Wind speed (knots) and direction (degrees).
Notes,Text,Notes and comments.
