code,common_name,kingdom,phylum,class,order,family,genus,species,tsn,sci_name
BOAT,Boat,NA,NA,NA,NA,NA,NA,NA,,
DEBRI,Debris,NA,NA,NA,NA,NA,NA,NA,,
ZZZZ,Unidentified Object,NA,NA,NA,NA,NA,NA,NA,,
UNBI,Avian spp.,Animalia,Chordata,Aves,NA,NA,NA,NA,174371,Aves
UNLO,Loon spp.,Animalia,Chordata,Aves,Gaviiformes,Gaviidae,Gavia,NA,174468,Gavia
YBLO,Yellow-billed Loon,Animalia,Chordata,Aves,Gaviiformes,Gaviidae,Gavia,adamsii,174470,Gavia adamsii
RTLO,Red-throated loon,Animalia,Chordata,Aves,Gaviiformes,Gaviidae,Gavia,stellata,174474,Gavia stellata
PALO,Pacific Loon,Animalia,Chordata,Aves,Gaviiformes,Gaviidae,Gavia,pacifica,174475,Gavia pacifica
NOFU,Northern Fulmar,Animalia,Chordata,Aves,Procellariformes,Procellariidae,Fulmarus,glacialis,174536,Fulmarus glacialis
UNDS,Dark Shearwater spp.,Animalia,Chordata,Aves,Procellariformes,Procellariidae,Puffinus,NA,174543,Puffinus
STSH,Short-tailed Shearwater,Animalia,Chordata,Aves,Procellariformes,Procellariidae,Puffinus,tenuirostris,174554,Puffinus tenuirostris
FTSP,Fork-tailed storm-petrel,Animalia,Chordata,Aves,Procellariformes,Hydrobatidae,Oceanofroma,fircata,174625,Oceanofroma fircata
PRCO,Pelagic or red-faced cormorant,Animalia,Chordata,Aves,Suliformes,Phalacrocoracidae,Phalacrocorax,NA,174714,Phalacrocorax
UNCO,Cormorant spp.,Animalia,Chordata,Aves,Suliformes,Phalacrocoracidae,Phalacrocorax,NA,174714,Phalacrocorax
PECO,Pelagic cormorant,Animalia,Chordata,Aves,Suliformes,Phalacrocoracidae,Phalacrocorax,pelagicus,174725,Phalacrocorax pelagicus
UNWF,Waterfowl spp.,Animalia,Chordata,Aves,Anseriformes,Anatidae,NA,NA,174983,Anatidae
LTDU,Long-tailed Duck,Animalia,Chordata,Aves,Anseriformes,Anatidae,Clangula,hyemalis,175147,Clangula hyemalis
UNEI,Eider spp.,Animalia,Chordata,Aves,Anseriformes,Anatidae,Somateria,NA,175154,Somateria
COEI,Common Eider,Animalia,Chordata,Aves,Anseriformes,Anatidae,Somateria,mollissima,175155,Somateria mollissima
KIEI,King Eider,Animalia,Chordata,Aves,Anseriformes,Anatidae,Somateria,spectabilis,175160,Somateria spectabilis
SPEI,Spectacled Eider,Animalia,Chordata,Aves,Anseriformes,Anatidae,Somateria,fischeri,175161,Somateria fischeri
WWSC,White-winged scoter,Animalia,Chordata,Aves,Anseriformes,Anatidae,Melanitta,fusca,175163,Melanitta fusca
RBME,Red-breasted Merganser,Animalia,Chordata,Aves,Anseriformes,Anatidae,Mergus,serrator,175187,Mergus serrator
UNSB,Shorebird spp.,Animalia,Chordata,Aves,Charadriiformes,Scolopacidae,NA,NA,176446,Scolopacidae
DUNL,Dunlin,Animalia,Chordata,Aves,Charadriiformes,Scolopacidae,Calidris,alpina,176661,Calidris alpina
WESA,Western sandpiper,Animalia,Chordata,Aves,Charadriiformes,Scolopacidae,Calidris,mauri,176668,Calidris mauri
LBDO,Long-billed Dowitcher,Animalia,Chordata,Aves,Charadriiformes,Scolopacidae,Limnodromus,scolopaceus,176679,Limnodromus scolopaceus
UNPH,Phalarope spp.,Animalia,Chordata,Aves,Charadriiformes,Scolopacidae,Phalaropus,NA,176733,Phalaropus
RNPH,Red-necked Phalarope,Animalia,Chordata,Aves,Charadriiformes,Scolopacidae,Phalaropus,lobatus,176735,Phalaropus lobatus
UNJA,Jaeger spp.,Animalia,Chordata,Aves,Charadriiformes,Stercorariidae,Stercorarius,NA,176791,Stercorarius
POJA,Pomarine Jaeger,Animalia,Chordata,Aves,Charadriiformes,Stercorariidae,Stercorarius,pomarinus,176792,Stercorarius pomarinus
PAJA,Parasitic Jaeger,Animalia,Chordata,Aves,Charadriiformes,Stercorariidae,Stercorarius,parasiticus,176793,Stercorarius parasiticus
LTJA,Long-tailed Jaeger,Animalia,Chordata,Aves,Charadriiformes,Stercorariidae,Stercorarius,longicaudus,176794,Stercorarius longicaudus
GLGU,Glaucous Gull,Animalia,Chordata,Aves,Charadriiformes,Laridae,Larus,hyperboreus,176808,Larus hyperboreus
GWGU,Glaucous-winged gull,Animalia,Chordata,Aves,Charadriiformes,Laridae,Larus,glaucescens,176814,Larus glaucescens
HEGU,Herring Gull,Animalia,Chordata,Aves,Charadriiformes,Laridae,Larus,argentatus,176824,Larus argentatus
THGU,Thayer's Gull,Animalia,Chordata,Aves,Charadriiformes,Laridae,Larus,thayeri,176828,Larus thayeri
MEGU,Mew gull,Animalia,Chordata,Aves,Charadriiformes,Laridae,Larus,canus,176832,Larus canus
SAGU,Sabine's Gull,Animalia,Chordata,Aves,Charadriiformes,Laridae,Xema,sabini,176866,Xema sabini
BLKI,Black-legged Kittiwake,Animalia,Chordata,Aves,Charadriiformes,Laridae,Rissa,tridactyla,176875,Rissa tridactyla
ARTE,Arctic Tern,Animalia,Chordata,Aves,Charadriiformes,Sternidae,Sterna,paradisaea,176890,Sterna paradisaea
USDA,Small Dark Alcid spp.,Animalia,Chordata,Aves,Charadriiformes,Alcidae,NA,NA,176967,Alcidae
UNAL,Alcid spp.,Animalia,Chordata,Aves,Charadriiformes,Alcidae,NA,NA,176967,Alcidae
UNMU,Murre spp.,Animalia,Chordata,Aves,Charadriiformes,Alcidae,Uria,NA,176973,Uria
COMU,Common Murre,Animalia,Chordata,Aves,Charadriiformes,Alcidae,Uria,aalge,176974,Uria aalge
TBMU,Thick-billed Murre,Animalia,Chordata,Aves,Charadriiformes,Alcidae,Uria,lomvia,176978,Uria lomvia
DOVE,Dovekie,Animalia,Chordata,Aves,Charadriiformes,Alcidae,Alle,alle,176982,Alle alle
UNGI,Guillemot spp.,Animalia,Chordata,Aves,Charadriiformes,Alcidae,Cepphus,NA,176984,Cepphus
BLGU,Black Guillemot,Animalia,Chordata,Aves,Charadriiformes,Alcidae,Cepphus,grylle,176985,Cepphus grylle
BRMU,Brachyramphus Murrelet spp.,Animalia,Chordata,Aves,Charadriiformes,Alcidae,Brachyramphus,NA,176995,Brachyramphus
KIMU,Kittlitz's Murrelet,Animalia,Chordata,Aves,Charadriiformes,Alcidae,Brachyramphus,brevirostris,176998,Brachyramphus brevirostris
ANMU,Ancient Murrelet,Animalia,Chordata,Aves,Charadriiformes,Alcidae,Synthliboramphus,antiquus,177008,Synthliboramphus antiquus
CAAU,Cassin's auklet,Animalia,Chordata,Aves,Charadriiformes,Alcidae,Ptychoramphus,aleuticus,177013,Ptychoramphus aleuticus
UNAU,Auklet spp.,Animalia,Chordata,Aves,Charadriiformes,Alcidae,Aethia,NA,177018,Aethia
CRAU,Crested Auklet,Animalia,Chordata,Aves,Charadriiformes,Alcidae,Aethia,cristatella,177019,Aethia cristatella
LEAU,Least Auklet,Animalia,Chordata,Aves,Charadriiformes,Alcidae,Aethia,pusilla,177020,Aethia pusilla
HOPU,Horned Puffin,Animalia,Chordata,Aves,Charadriiformes,Alcidae,Fratercula,corniculata,177029,Fratercula corniculata
TUPU,Tufted Puffin,Animalia,Chordata,Aves,Charadriiformes,Alcidae,Fratercula,cirrhata,177032,Fratercula cirrhata
PASS,Passerine spp.,Animalia,Chordata,Aves,Passeriformes,NA,NA,NA,178265,Passeriformes
UNWH,Whale spp.,Animalia,Chordata,Mammalia,Cetacea,NA,NA,NA,180403,Cetacea
GRWH,Gray Whale,Animalia,Chordata,Mammalia,Cetacea,Eschrichtiidae, Eschrichtius,robustus,180521,Eschrichtius robustus
BOWH,Bowhead Whale,Animalia,Chordata,Mammalia,Cetacea,Balaenidae, Balaena ,mysticetus,180533,Balaena mysticetus
UNPI,Pinniped spp.,Animalia,Chordata,Mammalia,Carnivora,NA,NA,NA,180539,Carnivora
WALR,Walrus,Animalia,Chordata,Mammalia,Carnivora,Odobenidae,Odobenus,rosmarus,180639,Odobenus rosmarus
UNSE,Seal spp.,Animalia,Chordata,Mammalia,Carnivora,Phocidae,NA,NA,180640,Phocidae
SPSE,Spotted Seal,Animalia,Chordata,Mammalia,Carnivora,Phocidae,Phoca,largha,180642,Phoca largha
BESE,Bearded Seal,Animalia,Chordata,Mammalia,Carnivora,Phocidae,Erignathus,barbatus,180655,Erignathus barbatus
UNGU,Gull spp.,Animalia,Chordata,Aves,Charadriiformes,Laridae,Larus,NA,553473,Larus
PAAU,Parakeet Auklet,Animalia,Chordata,Aves,Charadriiformes,Alcidae,Aethia,psittacula,554029,Aethia psittacula
REPH,Red Phalarope,Animalia,Chordata,Aves,Charadriiformes,Scolopacidae,Phalaropus,fulicarius,554376,Phalaropus fulicarius
RISE,Ringed Seal,Animalia,Chordata,Mammalia,Carnivora,Phocidae,Pusa,hispida,622018,Pusa hispida
UNDU,Duck spp.,Animalia,Chordata,Aves,Anseriformes,Anatidae,NA,NA,714011,Anatidae