Date_AST,Vessel,Transect_ID,Transect_Type,Transect_Width,Obsr_Side,Obsr_Bridge,Obsr,Vessel_Activity,Vessel_Speed,Start_Time,End_Time,Start_Lat,Start_Lon,End_Lat,End_Lon,Ice_Cover,Ice_Type,Air_Temp_F,SST_F,%_Clouds,Wx,Wind,Notes
8/9/2015,Norseman II,NOR0815001,Line,300,Port,Bridge,OBSR1,Transit,8.5,8:55,11:44,71 02.53,154 13.02,71 14.49,155 14.38,1,Brash,43.5,39.9,80,1,0kt,"Beautiful day, trace ice, time fast 15 seconds compared to ship and MMO so synced after this transect."
8/9/2015,Norseman II,NOR0815002,Line,300,Port,Bridge,OBSR2,Transit,8.2,11:53,14:30,71 14.99,155 17.74,71 23.78,156 18.25,0,None,42.4,40.7,90,1,0kt,
8/9/2015,Norseman II,NOR0815003,Line,300,Port,Bridge,OBSR1,Transit,8,14:34,17:05,71 23.85,156 19.69,71 14.68,157 06.83,0,None,43.9,43.7,60,1,3kt,Wind direction unrecorded.
8/9/2015,Norseman II,NOR0815004,Line,300,Port,Bridge,OBSR2,Transit,7.9,17:20,18:51,71 14.16,157 12.09,71 10.47,157 46.91,0,None,45.5,45.1,60,1,3kt,"Glare at 20° from bow port side at start of transect, glare intensity varied, glare pretty bad by 18:45, lost partial cloud cover, ended transect due to glare. Wind direction unrecorded."
8/9/2015,Norseman II,NOR0815005,Line,300,Port,Bridge,OBSR2,Transit,8,20:16,22:05,71 06.99,158 19.48,71 02.47,158 57.95,0,None,46.2,44,60,1,10kt @ 10°,"Recently had GRWH in area, also BLKI ARTE PAJAs before start tran, started survey after glare subsided (moved to starboard)."
8/10/2015,Norseman II,NOR0815006,Line,300,Port,Bridge,OBSR2,Transit,8.1,8:22,10:52,70 34.65,162 27.54,70 26.81,163 23.30,0,None,37.8,46.3,100,1,4.2kt @ 2°,"Gray sky and water, light wavelets over 2ft swell following, photos for rec 420 and 440 KIMU (photos 9431-3, 9434-5)."
8/10/2015,Norseman II,NOR0815007,Line,300,Port,Bridge,OBSR1,Transit,8.1,10:59,13:29,70 26.49,163 25.65,70 16.63,164 15.76,0,None,40.1,46.8,100,1,6.4kt @ 68°,"4 KIMUs before transect start, in breeding plumage."
8/10/2015,Norseman II,NOR0815008,Line,300,Port,Bridge,OBSR2,Transit,8,13:33,15:33,70 16.38,164 16.42,70 04.63,164 48.81,0,None,41.2,46.2,100,1,7.9kt @ 42°,"Passed M/V Fennica at CPA 1.4nm, nice conditions."
8/10/2015,Norseman II,NOR0815009,Line,300,Port,Bridge,OBSR1,Transit,7.9,15:35,17:32,70 04.41,164 49.34,69 52.47,165 19.26,0,None,41.5,46.2,100,1,10.1kt @ 89°,
8/10/2015,Norseman II,NOR0815010,Line,300,Port,Bridge,OBSR2,Transit,8.2,17:36,19:55,69 52.12,165 20.14,69 38.01,165 55.83,0,None,43.7,47,60,1,8.4kt @ 76°,"Intermittent glare on bow, by 1835 glare 15° to starboard of bow, rec 1870 2 NOFU possibly on carcass took photos."
8/10/2015,Norseman II,NOR0815011,Line,300,Port,Bridge,OBSR1,Transit,8.1,19:57,21:30,69 37.72,165 56.46,69 27.67,166 18.66,0,None,45.7,47,10,0,10.5kt @ 98°,"Glare to starboard 30°, lots of murres flying south (towards cape Lisburne) especially later in transect."
8/11/2015,Norseman II,NOR0815012,Line,300,Port,Bridge,OBSR2,Transit,7.9,6:13,7:55,68 23.65,166 55.42,68 14.46,167 07.45,0,None,46.6,49.7,90,1,11.4kt @ 168°,"DB03 line, Pt. Hope. Early start, weather forecast to come up. Nice at 06:00. Seas 2' on 2' swell. End at DB03.2."
8/11/2015,Norseman II,NOR0815013,Line,200,Port,Bridge,OBSR1,Transit,7.5,8:28,10:38,68 14.44,167 07.60,68 03.98,167 41.96,0,None,46,48.4,100,1,14.7kt @ 159°,"2-3 ft swell, 2' waves. DB03 Line."
8/11/2015,Norseman II,NOR0815014,Line,200,Port,Bridge,OBSR2,Transit,7.8,10:45,12:38,68 03.46,167 43.77,67 54.42,168 12.48,0,None,45.1,44.8,100,1,16.9kt @ 153°,DB03 line. Fog moving in - thick low clouds.
8/11/2015,Norseman II,NOR0815015,Line,200,Port,Bridge,OBSR1,Transit,7.4,12:44,14:52,67 53.99,168 13.80,67 44.08,168 45.23,0,None,43.3,42,100,5,17kt @ 149°,"GPS/TIME ERROR, times interpolated with corresponding coordinates obtained from separate data file, from 13:18:02 to 14:39:09, records 1605-1867. Some fog on horizon. 2 NOFU following. Swells growing to 4'."
8/11/2015,Norseman II,NOR0815016,Line,200,Port,Bridge,OBSR2,Transit,7.2,15:26,17:31,67 43.79,168 46.20,67 43.10,168 49.03,0,None,43.2,41.9,100,5,20kt @ 139°,"End of DB03 Line, then additional sampling."
8/11/2015,Norseman II,NOR0815017A,Line,200,Port,Bridge,OBSR1,Transit,7.1,17:35,18:36,67 42.79,168 49.82,67 37.02,168 56.83,0,None,43,40.9,100,2,16.2kt@ 152°,"Repeating end of DB03 line (visibility now better for marine mammal observers). Followers - 2 NOFU, white. Original transect split due to changing visibility."
8/11/2015,Norseman II,NOR0815017B,Line,300,Port,Bridge,OBSR1,Transit,7.1,18:36,19:21,67 36.99,168 56.82,67 40.28,168 57.38,0,None,43,40.9,100,2,16.2kt@ 152°,"Repeating end of DB03 line (visibility now better for marine mammal observers). Followers - 2 NOFU, white. Original transect split due to changing visibility."
8/12/2015,Norseman II,NOR0815018,Line,200,Port,Bridge,OBSR1,Transit,5.7,9:13,11:10,68 08.90,167 29.09,67 58.66,167 17.48,0,None,43.9,44.3,100,4,15.3kt @ 208°,"GPS/TIME ERROR, times interpolated with corresponding coordinates obtained from separate data file, from 10:32:45 to 10:36:46, records  514-531. Light fog on horizon, headed into seas - modified original zigzag pattern, 4ft seas growing."
8/12/2015,Norseman II,NOR0815019,Line,200,Port,Bridge,OBSR2,Transit,8,11:16,13:17,67 58.88,167 16.70,68 14.49,167 02.52,0,None,42.4,44.8,100,1,15.3kt @ 160.8°,Traveling with swell.
8/12/2015,Norseman II,NOR0815020,Line,200,Port,Bridge,OBSR1,Transit,8.1,13:20,14:30,68 14.84,167 02.20,68 24.74,167 01.17,0,None,44.1,46.1,100,2,16.7kt @ 184°,"Light fog on horizon, followers - 2 NOFU white and 1 dark, ended transect when turned into seas to go back to station."
8/12/2015,Norseman II,NOR0815021,Line,200,Port,Bridge,OBSR1,Transit,5,14:39,15:47,68 24.29,167 02.37,68 19.29,167 11.54,0,None,45.9,48.9,100,1,15.1kt @ 189°,Intermittent loose groups of UNDS/STSH.
8/12/2015,Norseman II,NOR0815022,Line,200,Port,Bridge,OBSR2,Transit,6.1,15:50,17:51,68 19.02,167 11.88,68 07.98,167 25.49,0,None,45.7,47.6,100,1,12.6kt @ 193°,
8/12/2015,Norseman II,NOR0815023A,Line,200,Port,Bridge,OBSR1,Transit,6.4,17:54,18:11,68 07.70,167 25.83,68 6.180,167 27.76,0,None,45.5,45.1,100,1,13.9kt @ 232°,Original transect split due to changing visibility.
8/12/2015,Norseman II,NOR0815023B,Line,100,Port,Bridge,OBSR1,Transit,6.4,18:11,18:43,68 6.180,167 27.76,68 3.930,167 25.27,0,None,45.5,45.1,100,1,13.9kt @ 232°,Original transect split due to changing visibility.
8/12/2015,Norseman II,NOR0815023C,Line,200,Port,Bridge,OBSR1,Transit,6.4,18:44,19:39,68 3.950,167 25.23,68 10.92,167 18.66,0,None,45.5,45.1,100,1,13.9kt @ 232°,Original transect split due to changing visibility.
8/13/2015,Norseman II,NOR0815024,Line,200,Port,Bridge,OBSR2,Transit,8.9,6:45,7:12,68 55.82,166 43.70,68 56.84,166 54.65,0,None,45.5,49.6,100,1,13.4kt @ 203°,"CL line transit to CL0-CL1 (partial), note that this section was repeated several hours later when the entire lne was run, light a little low at start."
8/13/2015,Norseman II,NOR0815025,Line,300,Port,Bridge,OBSR1,Survey,7.4,8:57,10:50,68 55.29,166 53.90,68 54.76,166 31.40,0,None,45.1,49.1,100,1,10.8kt @ 219°,"Condensation and rain droplets on windows decreasing visibility, intermittent large groups of UNMU flying by, transited to CL line and started CL line."
8/13/2015,Norseman II,NOR0815026,Line,300,Port,Bridge,OBSR2,Survey,8,10:54,12:59,68 54.85,166 32.44,68 59.34,167 17.80,0,None,45.5,49.9,100,1,14.6kt @ 218°,"CL line, low ceiling, overlap with NOR0815024 transect, 4ft swell, 2 HOPU circling/following."
8/13/2015,Norseman II,NOR0815027,Line,300,Port,Bridge,OBSR1,Survey,8.4,13:01,14:59,68 59.43,167 18.66,69 01.93,168 01.15,0,None,44.6,47.6,100,1,12kt @ 205°,"CL line, large slow 4-6ft swell, very occasional large groups of CRAU flying N in distance."
8/13/2015,Norseman II,NOR0815028,Line,300,Port,Bridge,OBSR2,Survey,7.7,15:04,17:33,69 01.93,168 02.63,69 01.95,168 56.96,0,None,44.4,47.2,100,1,9.9kt @ 214°,"CL line, 4-6ft swell."
8/13/2015,Norseman II,NOR0815029,Line,300,Port,Bridge,OBSR1,Survey,8.1,17:36,19:26,69 02.30,168 57.17,69 02.13,168 54.70,0,None,43.2,45.8,100,2,4.9kt @ 229°,"Opportunistic survey near CL3, 4-6ft swell, seas became glassy wavelets on swells as transect went on."
8/14/2015,Norseman II,NOR0815030A,Line,200,Port,Bridge,OBSR1,Transit,9.2,7:02,7:53,69 00.31,167 25.45,69 5.650,167 10.11,0,None,45.1,47.2,100,2,7.2kt @ 239°,"Transit from CL to ML6 line, patchy fog - still a little dark at start of transect, small wavelets on 2-4ft swell. Original transect split due to changing visibility."
8/14/2015,Norseman II,NOR0815030B,Line,300,Port,Bridge,OBSR1,Transit,9.2,8:03,9:01,69 06.88,167 07.37,69 13.19,166 54.21,0,None,45.1,47.2,100,2,7.2kt @ 239°,"Transit from CL to ML6 line, patchy fog, small wavelets on 2-4ft swell. Original transect split due to changing visibility."
8/14/2015,Norseman II,NOR0815031,Line,300,Port,Bridge,OBSR2,Transit,8,9:03,11:00,69 13.39,166 53.77,69 25.23,166 26.51,0,None,44.4,48.8,100,1,8.6kt @ 303°,"Transit from CL to ML6 line, low ceiling - visibility 2nm at start, small wavelets, 2-4ft swell."
8/14/2015,Norseman II,NOR0815032,Line,300,Port,Bridge,OBSR1,Transit,8.2,11:03,12:49,69 25.52,166 25.84,69 36.66,165 58.85,0,None,44.2,46.3,100,1,5.2kt @ 295°,"CL to ML6, patchy fog but visibility always >300m."
8/14/2015,Norseman II,NOR0815033,Line,300,Port,Bridge,OBSR2,Transit,8,12:53,15:00,69 37.09,165 57.84,69 50.46,165 24.88,0,None,43.9,47.5,100,1,4.8kt @ 270°,"Visibility 3nm, patchy light fog."
8/14/2015,Norseman II,NOR0815034,Line,300,Port,Bridge,OBSR1,Transit,8.4,15:03,17:13,69 50.86,165 23.91,70 04.68,164 49.89,0,None,44.4,48.1,100,1,7kt @ 285°,"Intermediate glare to starboard 120°, followers - 4-5 BLKI up to 8 BLKI."
8/14/2015,Norseman II,NOR0815035,Line,300,Port,Bridge,OBSR2,Transit,8.5,17:16,19:32,70 04.94,164 49.24,70 05.14,163 56.07,0,None,44.2,47.6,100,1,8.5kt @ 302°,"Nice conditions - overcast & no fog & light wind, ended at ML6-1."
8/14/2015,Norseman II,NOR0815036,Line,300,Port,Bridge,OBSR1,Survey,7.7,21:54,22:51,70 05.34,163 57.04,70 16.04,163 24.45,0,None,44.8,49,100,1,6.2kt @ 303°,"Transit from ML6-1 to ML6-2, followers - 8 BLKI, glare 100° to port strong, switch to OBSR2 at 2049."
8/15/2015,Norseman II,NOR0815037,Line,300,Port,Bridge,OBSR2,Transit,8.2,6:58,9:18,70 30.70,162 34.15,70 20.21,163 10.77,0,None,46,47,100,1,9.4kt @ 50°,"Circling south of ML6-4 then E to the edge of SPEI CHU then N to ML6 line, paused ~40min for crew and safety meetings at 0730, good KIMU sightings."
8/15/2015,Norseman II,NOR0815038,Line,300,Port,Bridge,OBSR2,Survey,8,9:22,10:37,70 20.30,163 11.60,70 27.11,162 49.79,0,None,43.5,47.8,100,1,6.1kt @ 79°,"Starting SW of ML1-3, running line NE, 5 BLKI following."
8/15/2015,Norseman II,NOR0815039,Line,300,Port,Bridge,OBSR1,Survey,8.2,10:40,12:49,70 27.42,162 48.77,70 39.22,162 09.81,0,None,40.6,48.1,100,1,13.2kt @ 66°,"Very gray, seas picking up, ML6 line, followers - 5 BLKI."
8/15/2015,Norseman II,NOR0815040,Line,300,Port,Bridge,OBSR2,Survey,8.2,12:52,14:52,70 39.40,162 09.23,70 50.32,161 31.76,0,None,39.4,47.5,100,1,13.4kt @ 64°,End at ML6-7.
8/15/2015,Norseman II,NOR0815041,Line,300,Port,Bridge,OBSR1,Survey,8.1,14:55,16:58,70 50.60,161 30.93,70 50.36,161 18.26,0,None,37.8,48.4,100,1,11.5kt @ 69°,"ML6 line, NW of ML7, and parallel line to return south."
8/15/2015,Norseman II,NOR0815042,Line,300,Port,Bridge,OBSR2,Transit,8.3,17:01,19:25,70 50.13,161 19.01,70 37.99,162 04.66,0,None,40.1,48.9,100,1,10.2kt @ 72°,"Parallel to ML6, traveling with seas, good visibility."
8/16/2015,Norseman II,NOR0815043,Line,200,Port,Bridge,OBSR1,Survey,9.2,6:06,7:03,70 58.71,161 03.92,71 04.44,160 43.98,0,None,40.5,46.3,100,1,16.7kt @ 93°,"Going from ML6-8 to ML6-9. Poor light at start. 4' seas, choppy, some streaking, growing."
8/18/2015,Norseman II,NOR0815044,Line,300,Port,Bridge,OBSR1,Transit,5.3,18:05,19:30,70 46.80,159 43.44,70 53.38,159 24.72,0,None,36.9,41.2,100,1,13.0kt @ 73°,"Transiting from anchorage SW of Pt Belcher to station ML4-1. 25-30kt winds since 8/16, now subsiding. Switched from handheld to boat aft GPS (antenna on gantry)."
8/18/2015,Norseman II,NOR0815045,Line,300,Port,Bridge,OBSR1,Survey,9.8,21:22,21:40,70 53.78,159 24.25,70 55.86,159 30.31,0,None,36.9,44.8,100,1,13.6kt @ 89°,"ML4-1 to ML4-2, seas laying down."
8/19/2015,Norseman II,NOR0815046,Line,300,Port,Bridge,OBSR2,Transit,8.9,6:09,6:33,71 19.18,159 49.75,71 21.65,159 41.59,0,None,36.3,39.1,100,1,8.5kt @ 44°,Transiting from ML6-10 to ML6-11. Patial survey. Good light at 06:00. Short run. Surveyed this area again several hours later as part of a longer transect.
8/19/2015,Norseman II,NOR0815047,Line,300,Port,Bridge,OBSR1,Survey,9.1,8:46,10:45,71 21.37,159 43.22,71 10.46,160 23.11,0,None,36.3,40.3,100,1,8.4kt @ 77°,Survey from ML6-11 west towards ML6-9.
8/19/2015,Norseman II,NOR0815048,Line,300,Port,Bridge,OBSR2,Survey,8.2,10:49,13:01,71 10.24,160 23.83,71 00.89,160 10.01,0,None,36,39.3,90,1,10.3kt @ 112°,Survey from ML6-10 to ML6-9 then towards ML4-2.
8/19/2015,Norseman II,NOR0815049,Line,300,Port,Bridge,OBSR1,Survey,8.4,13:02,14:54,71 00.79,160 18.30,70 55.89,159 30.80,0,None,35.8,41.3,100,1,8.9kt @ 118°,Between ML6-9 and ML4-2.
8/19/2015,Norseman II,NOR0815050,Line,300,Port,Bridge,OBSR2,Survey,8.3,14:57,17:00,70 56.08,159 30.42,71 08.40,160 07.65,0,None,36.9,45,80,1,10.2kt @ 108°,"Start at ML4-2, survey NW along ML4 line."
8/19/2015,Norseman II,NOR0815051,Line,300,Port,Bridge,OBSR1,Survey,8.3,17:02,19:16,71 08.63,160 08.24,71 22.38,160 48.47,0,None,37,39.9,60,1,7.7 kt @ 52°,Survey NW along ML4 line. Intermittent strong glare at 90 degrees to port.
8/20/2015,Norseman II,NOR0815052,Line,300,Port,Bridge,OBSR1,Survey,8,9:10,11:49,71 35.40,161 32.00,71 22.35,160 48.79,0,None,35.4,38.5,100,1,6.7 kt @ 28°,Running parallel to ML4 line back to last night's end point. Intermittant bright glare to Port until turned back to line.
8/20/2015,Norseman II,NOR0815053A,Line,300,Port,Bridge,OBSR2,Survey,8,11:52,13:33,71 22.57,160 48.51,71 32.70,161 17.75,0,None,36,38.4,70,1,2.0 kt @ 74°,"ML-4 line. Started between ML4-5 and ML4-6, where ended last night."
8/20/2015,Norseman II,NOR0815053B,Line,300,Port,Bridge,OBSR1,Survey,8.2,13:36,15:32,71 33.05,161 18.64,71 44.72,161 57.66,0,None,35.8,39.4,100,1,6.2 kt @ 17°,ML-4 line.
8/20/2015,Norseman II,NOR0815054,Line,300,Port,Bridge,OBSR2,Survey,8.3,15:35,17:50,71 45.00,161 52.47,71 58.68,162 32.37,0,None,35.4,38.9,100,1,5.2kt @ 52°,ML-4 line. Ended at ML4-10.
8/20/2015,Norseman II,NOR0815055A,Line,300,Port,Bridge,OBSR1,Survey,7.2,17:52,19:58,71 58.79,162 31.69,71 48.45,161 50.31,0,None,34.5,39,100,1,6.1kt @ 90°,"Parallel to ML-4 line. Some walrus could be same as prior transect, to the west (some walrus were swimming east)."
8/20/2015,Norseman II,NOR0815056A,Line,300,Port,Bridge,OBSR2,Survey,8.6,20:01,20:41,71 48.24,161 49.70,71 43.26,161 46.77,0,None,34.5,38.2,40,0,8.6kt @ 60°,Parallel to ML4 line. Nice conditions. End at ML4-8.
8/21/2015,Norseman II,NOR0815055B,Line,300,Port,Bridge,OBSR2,Transit,9.6,6:15,6:42,72 07.09,162 56.14,72 10.12,163 06.51,0,None,35.1,39.1,100,1,3.6kt @ 127°,"Deck crew doing additional CTD casts of interesting hydrographic feature (See field notes), transit from ML4-11 to point halfway between ML4-11 and 12, will make two more passes through this location today."
8/21/2015,Norseman II,NOR0815056B,Line,300,Port,Bridge,OBSR2,Transit,9.3,6:54,7:59,72 10.11,163 06.57,72 02.75,162 43.63,0,None,35.8,39.2,100,1,3.2kt @ 156°,"Additional sampling between ML4-11.5 and ML4-10.5, between 11 and 10. Start at endpoint of prior transect, backtracking through and past prior transect start point."
8/21/2015,Norseman II,NOR0815057,Line,300,Port,Bridge,OBSR1,Transit,9.5,8:22,8:47,72 02.34,162 43.13,71 59.56,162 34.63,0,None,34.5,37.6,95,1,3kt @ 122°,"Back to ML4-10, light glare 30°-40°, ended when turning at ML4-10."
8/21/2015,Norseman II,NOR0815058,Line,300,Port,Bridge,OBSR1,Survey,8.1,8:56,10:14,71 58.78,162 33.24,72 06.23,162 56.40,0,None,34.3,38.1,95,1,1.8kt @ 122°,"ML4-10 to ML4-14, ended when passing ML4-11, excellent conditions!"
8/21/2015,Norseman II,NOR0815059,Line,300,Port,Bridge,OBSR2,Survey,8.1,10:16,12:25,72 06.40,162 56.89,72 19.51,163 34.94,0,None,35.2,38.3,80,1,3.6kt @ 86°,"Start at ML4-11, end south of ML4-13."
8/21/2015,Norseman II,NOR0815060,Line,300,Port,Bridge,OBSR1,Survey,8,12:27,14:13,72 19.68,163 35.52,72 29.64,164 06.80,0,None,36.9,44.1,100,1,5.5kt @ 121°,End of ML4 line.
8/21/2015,Norseman II,NOR0815061,Line,300,Port,Bridge,OBSR2,Survey,7.6,14:16,16:30,72 29.51,164 07.55,72 20.11,163 49.40,0,None,34.7,40.9,100,1,10.9kt @ 10°,"Sawtooth around ML4 line, start at ML4-14, 3BLKI followed for ~10min and captured 3 fish."
8/21/2015,Norseman II,NOR0815062,Line,300,Port,Bridge,OBSR1,Survey,8.2,16:32,18:32,72 20.28,163 48.76,72 18.78,163 10.86,0,None,37.4,43.6,100,1,2.5kt @ 106°,Sawtooth around ML4 line.
8/21/2015,Norseman II,NOR0815063,Line,300,Port,Bridge,OBSR2,Survey,7.9,18:35,19:23,72 18.56,163 10.19,72 14.24,163 19.24,0,None,36.9,43.5,100,1,6.1kt @ 74°,
8/22/2015,Norseman II,NOR0815064,Line,300,Port,Bridge,OBSR1,Survey,8.6,8:32,9:47,72 07.08,165 20.68,71 59.49,164 57.63,0,None,39.2,43.7,100,1,10.4kt @ 80°,"ML3 line, starting at ML3-14. 2-3ft swell, lumpy with small waves. Ended at ML3-13."
8/22/2015,Norseman II,NOR0815065,Line,300,Port,Bridge,OBSR2,Survey,8.4,9:49,11:47,71 59.37,164 57.17,71 48.07,164 21.02,0,None,39,44.1,100,1,9.0kt @ 77°,"Started at ML3-13. 2-3ft swell. Glare at 45° varied light to bright mostly medium, moved to 30° by end of transect, highly variable. Ended between ML3-12 and ML3-11."
8/22/2015,Norseman II,NOR0815066,Line,300,Port,Bridge,OBSR1,Survey,8,11:50,14:44,71 47.79,164 20.16,71 31.06,163 28.15,0,None,38.7,41.9,100,2,8.6kt @ 70°,"ML3 line, fog in and out but visibility always >1km. OBSR2 observed during short lunch break for OBSR1. Swells growing ~4ft. Ended NW of ML3-9."
8/22/2015,Norseman II,NOR0815067,Line,300,Port,Bridge,OBSR2,Survey,7.5,14:46,16:46,71 31.22,163 27.85,71 44.01,163 56.00,0,None,38.3,40.6,100,1,10.2kt @ 77°,Parallel to and 3nm NW of ML3 line. 4ft swells.
8/22/2015,Norseman II,NOR0815068,Line,300,Port,Bridge,OBSR1,Survey,8,16:48,18:28,71 44.23,163 56.65,71 54.41,164 26.09,0,None,37.8,40.7,100,1,12.5kt @ 59°,"Parallel to ML3 line, patchy fog in distance."
8/22/2015,Norseman II,NOR0815069,Line,300,Port,Bridge,OBSR2,Survey,8.3,18:30,19:27,71 54.54,164 26.51,71 59.56,164 45.13,0,None,37.9,41.5,100,1,13.5kt @ 77°,Variable glare 70° port. Parallel to ML3 line.
8/23/2015,Norseman II,NOR0815070,Line,300,Port,Bridge,OBSR2,Survey,9.5,6:22,6:55,71 33.17,163 34.16,71 29.31,163 23.58,0,None,37.9,40.7,100,1,3.2kt @ 21°,Partial repeat of section surveyed yesterday. ML4-9.5 to ML4-9. Visibility good to excellent; sufficent light.
8/23/2015,Norseman II,NOR0815071,Line,300,Port,Bridge,OBSR1,Survey,8.1,8:35,10:35,71 29.46,163 24.08,71 17.46,162 48.62,0,None,37.6,41.5,95,1,4.3kt @ 31°,"Start at ML4-9, surveyed SE along ML4 line. ~2ft swell and ripples. Intermediate glare 60 degrees port side - most thinks back lit. OBSR2 observed for short period 0841-0848."
8/23/2015,Norseman II,NOR0815072,Line,300,Port,Bridge,OBSR2,Survey,8.5,10:37,12:33,71 17.29,162 48.08,71 05.64,162 13.60,0,None,37.6,41.4,95,1,6.6kt @ 30°,"Oil rigs on horizon, Burger J and V. Started at ML3-7.5. Variable glare at 25 degrees port side, mostly absent during first hour. Variable glare mostly absent moved to 10 degrees port side by 1145. absent second hour."
8/23/2015,Norseman II,NOR0815073,Line,300,Port,Bridge,OBSR1,Survey,8.3,12:36,14:24,71 05.41,162 12.94,70 54.30,161 42.59,0,None,39.2,43.9,95,1,6.3kt @ 20°,Along ML3 line. Variable glare dead ahead to starboard. 2ft swell and wavelets. OBSR2 observed 1254-1307. Ended when turned at ML3-4.5 to run parallel line back.
8/23/2015,Norseman II,NOR0815074,Line,300,Port,Bridge,OBSR1,Survey,8.1,14:25,14:59,70 54.41,161 42.31,70 59.08,161 42.94,0,None,40.1,44.6,90,1,6.8kt @ 33°,Perpendicular to ML3 line. Ended before turned parallel to ML3 line. Short transect.
8/23/2015,Norseman II,NOR0815075,Line,300,Port,Bridge,OBSR2,Survey,8,15:02,17:03,70 59.31,161 43.61,71 23.92,162 54.78,0,None,39.7,43.8,70,1,5.6kt @ 5°,"GPS/TIME ERROR, times interpolated with corresponding coordinates obtained from separate data file, from 15:37:57 to 17:03:10, records  1835-2117. Parallel to ML3 line."
8/23/2015,Norseman II,NOR0815076,Line,300,Port,Bridge,OBSR1,Survey,8.6,17:06,19:28,71 24.19,162 55.59,71 25.02,163 04.92,0,None,37.8,32.4,70,1,2.4kt @ 297°,"GPS/TIME ERROR, times interpolated with corresponding coordinates obtained from separate data file, from 17:05:50 to 17:30:52, records  2128-2230. Calm and sunny, variable glare 90 degrees port. Parallel to ML3 line. Large feeding groups of CRAU visible > 2 nautical miles, many flush > 1 km from ship, most are flightless."
8/24/2015,Norseman II,NOR0815077,Line,300,Port,Bridge,OBSR2,Survey,9.2,6:14,6:46,70 58.23,161 52.67,70 54.42,161 43.29,0,None,39.4,44.9,100,1,4.3kt @ 358°,"ML3-5 to ML3-4.5. Stop point same location we turned around yesterday (i.e. this transect is a repeat survey). 1ft swell, calm, glassy, light a little low but sufficient for ID."
8/24/2015,Norseman II,NOR0815078,Line,300,Port,Bridge,OBSR2,Survey,9.2,6:53,7:30,70 54.44,161 43.11,70 50.54,161 32.53,0,None,39.6,45.5,100,1,3.0kt @ 55°,"ML3-4.5 to ML3-4 (also ML6-7 station). Had to restart DLOG3 at beginning of transect - lost 30seconds, but no birds seen during that time."
8/24/2015,Norseman II,NOR0815079,Line,300,Port,Bridge,OBSR1,Survey,8.1,8:48,10:42,70 50.61,161 32.53,70 39.45,161 01.12,0,None,39.6,44.4,100,1,9.5kt @ 76°,"GPS/TIME ERROR, times interpolated with corresponding coordinates obtained from separate data file, from 08:48:00 to 09:12:00, records  491-569. ML3 line from ML6-7, 2ft swells and ripples, seas growing fast."
8/24/2015,Norseman II,NOR0815080,Line,300,Port,Bridge,OBSR2,Survey,8.1,10:43,12:16,70 39.34,161 00.83,70 29.68,160 37.19,0,None,39.9,44.5,100,1,9.5kt @ 149°,"ML3 line, started between ML3-4 and ML3-3. Variable glare 25° port."
8/24/2015,Norseman II,NOR0815081,Line,300,Port,Bridge,OBSR2,Survey,8.1,12:18,12:52,70 29.79,160 36.64,70 33.31,160 26.57,0,None,40.8,40.1,100,1,8.2kt @ 13.7°,"Start at ML3-1, survey NW roughly parallel to shore."
8/24/2015,Norseman II,NOR0815082,Line,300,Port,Bridge,OBSR1,Survey,8.1,12:54,15:17,70 33.51,160 26.01,70 36.58,160 44.60,0,None,40.8,38.9,100,1,12.6kt @ 128°,Sawtooth pattern around nearshore end of ML3 line. 1-2ft waves. Wainwright visible.
8/24/2015,Norseman II,NOR0815083,Line,300,Port,Bridge,OBSR2,Survey,8.3,15:19,15:55,70 36.43,160 45.13,70 32.95,160 56.74,0,None,43,45.2,100,1,17.7kt @ 106°,"Grid pattern intersecting ML3-2, choppy, glare later part of transect."
8/24/2015,Norseman II,NOR0815084,Line,200,Port,Bridge,OBSR2,Survey,8.6,15:58,16:51,70 32.79,160 57.27,70 27.63,161 14.65,0,None,43.7,45.1,25,0,16kt @ 93°,"Dropped to 200m due to chop and glare, seas 2-3ft out of east, glare at 20° very bright."
8/24/2015,Norseman II,NOR0815085,Line,300,Port,Bridge,OBSR2,Survey,8,16:54,17:34,70 27.76,161 15.24,70 32.23,161 26.56,0,None,44.8,42.9,0,0,17.3kt @ 89°,"Glare at 110° port, 4ft seas, high hazy ceiling."
8/24/2015,Norseman II,NOR0815086,Line,200,Port,Bridge,OBSR1,Survey,8.6,17:38,19:06,70 32.70,161 27.64,70 42.58,161 10.84,0,None,45,43.3,100,1,21.2kt @ 92°,"4ft seas and growing, ended at ML3-3."
8/25/2015,Norseman II,NOR0815087,Line,300,Port,Bridge,OBSR1,Transit,5.4,10:15,12:49,70 56.71,158 47.47,70 50.38,158 15.33,0,None,46.2,40.4,100,2,12.4kt @ 172°,Jogging north along Peard Bay / Skull Cliff. 2-4 foot swells and wavelets.
8/25/2015,Norseman II,NOR0815088,Line,300,Port,Bridge,OBSR2,Transit,5.2,12:52,14:55,70 50.39,158 14.83,70 54.52,157 44.59,0,None,50.2,,100,1,10.5kt @ 194°,"Running N along shore, Peard Bay. Hiding from weather."
8/25/2015,Norseman II,NOR0815089,Line,300,Port,Bridge,OBSR1,Transit,5.5,14:58,17:15,70 54.69,157 43.92,71 03.82,157 17.57,0,None,51.8,41.7,100,1,7.3kt @ 153°,"GPS/TIME ERROR, times interpolated with corresponding coordinates obtained from separate data file, from 15:29:15 to 16:03:39, records  1042-1151. Jogging N along Skull Cliff. Eerily calm."
8/25/2015,Norseman II,NOR0815090,Line,300,Port,Bridge,OBSR2,Transit,9.6,17:18,17:30,71 04.11,157 16.90,71 05.69,157 13.28,0,None,51.6,40.7,100,3,6.2kt @ 163°,"Brief run at 9.6 kt after idling. Inshore, near Skull Cliff, heading North towards Barrow. Light fog, Vis 2 km."
8/25/2015,Norseman II,NOR0815091,Line,300,Port,Bridge,OBSR2,Transit,5.6,17:33,19:25,71 05.94,157 12.74,71 15.42,156 54.63,0,None,51.3,41.4,100,6,7.6kt @ 175°,"Transiting North, close to shore, South of Barrow. Light fog, calm seas."
8/27/2015,Norseman II,NOR0815092,Line,200,Port,Bridge,OBSR2,Transit,8.8,8:21,10:01,71 14.15,155 21.41,71 06.50,154 42.42,0,None,36.7,34.7,100,1,25.8kt @ 262°,"Running SE of Barrow for better shelter. Downswell. Seas 5ft (Beaufort 4), wind 25kt (Beaufort 6), seas recorded based on wave height."
8/27/2015,Norseman II,NOR0815093,Line,200,Port,Bridge,OBSR1,Transit,8.9,10:03,11:25,71 06.31,154 41.45,70 48.75,154 15.46,0,None,36.3,34.4,100,1,29.1kt @ 267°,"Running to Smith Bay, observer conditions fair to good - going downswell."
8/29/2015,Norseman II,NOR0815094,Line,200,Port,Bridge,OBSR2,Transit,6.5,6:03,8:02,71 25.98,156 23.09,71 27.23,157 05.75,0,None,34,42,100,1,11.2kt @ 258°,"10ft swell. Light low but sufficient for ID at start. 1-2ft wind wave. Started east of Pt Barrow. Misread speed, changed rec 162. Occasional 20ft swells."
8/29/2015,Norseman II,NOR0815095,Line,200,Port,Bridge,OBSR1,Transit,6.9,8:05,10:05,71 27.26,157 06.66,71 28.68,157 49.79,0,None,33.6,39.2,100,1,5.2kt @ 241°,"6-10ft swell and 1-2ft waves, occasional 15ft swell. Many large rafts of UNDS/STSH early in transect. Followers - 3-5 white NOFU."
8/29/2015,Norseman II,NOR0815096,Line,200,Port,Bridge,OBSR2,Transit,6.8,10:09,12:01,71 28.72,157 50.88,71 29.95,158 33.38,0,None,33.4,38,100,1,8.2kt @ 305°,"1-2ft wind wave, 6-10ft swell, some 15ft sets. 4 light NOFU following. Vessel speed variable - 6.5kt - 7.8kt, lost speed on big swell sets."
8/29/2015,Norseman II,NOR0815097,Line,200,Port,Bridge,OBSR1,Transit,7.7,12:03,14:24,71 29.97,158 34.28,71 31.45,159 31.43,0,None,34.3,37.9,100,1,13.5kt @ 19°,OBSR2 observed 1245-1302 for OBSR1's lunch break.
8/29/2015,Norseman II,NOR0815098,Line,200,Port,Bridge,OBSR2,Transit,8.1,14:26,16:25,71 31.47,159 32.40,71 32.79,160 21.09,0,None,33.4,36.6,100,1,10.9kt @ 7°,"Swell 6-8ft with occasional 10ft swell, a little confused, small waves on top. 3 NOFU following."
8/29/2015,Norseman II,NOR0815099,Line,200,Port,Bridge,OBSR1,Transit,7.6,16:28,18:28,71 32.82,160 21.99,71 34.35,161 10.29,0,None,33.8,37.9,95,1,14.5kt @ 8°,"6ft swells and 2ft waves, variable glare 60° port. Followers - 3 NOFU white."
8/29/2015,Norseman II,NOR0815100,Line,200,Port,Bridge,OBSR2,Transit,7.6,18:32,18:58,71 34.37,161 11.29,71 34.75,161 22.01,0,None,34,35.6,100,1,14.6kt @ 347°,"6-8ft swell from NW with chop from N, confused sea."
8/29/2015,Norseman II,NOR0815101,Line,200,Port,Bridge,OBSR2,Transit,7.6,19:00,19:34,71 34.87,161 22.34,71 37.71,161 30.97,0,None,33.4,37.5,100,1,14kt @ 341°,"6-8ft swell, 2-4ft chop, confused."
8/29/2015,Norseman II,NOR0815102,Line,200,Port,Bridge,OBSR1,Transit,7.8,20:04,20:34,71 40.34,161 39.25,71 43.20,161 46.80,0,None,33.8,35.6,100,1,12kt @ 1°,"6-8ft swells, ended transect at ML4-8."
8/29/2015,Norseman II,NOR0815103,Line,200,Port,Bridge,OBSR1,Transit,8.8,21:20,22:26,71 43.01,161 47.00,71 36.19,162 11.86,0,None,34.2,36.4,100,1,9.5kt @ 1°,ML4-8 to ML5-10. 6-8ft swells and 2ft waves. Diminishing daylight.
8/30/2015,Norseman II,NOR0815104,Line,200,Port,Bridge,OBSR2,Survey,8.3,7:28,8:18,71 15.04,163 24.25,71 20.42,163 17.44,0,None,35.2,39,90,1,14.3kt @ 66°,"Start near ML5-7. Transit 3NM North of and parallel to ML5 line, then back-track NE. 3-4' sea from NE, 4-6' swell from NW. Confused sea."
8/30/2015,Norseman II,NOR0815105,Line,200,Port,Bridge,OBSR1,Survey,8.1,8:15,10:16,71 20.65,163 16.66,71 31.14,162 41.62,0,None,36,39.3,100,1,13.7kt @ 53°,"Parallel to ML5 line. Occasional 4 ft swell and 4 ft seas. Vessel spead down to ~6.8 kt due to constant seas and wind, but unsure when speed changed."
8/30/2015,Norseman II,NOR0815106,Line,200,Port,Bridge,OBSR2,Survey,6.9,10:20,11:48,71 31.38,162 40.84,71 36.36,16 11.76,0,None,34.9,39.5,100,1,15.2kt @ 54°,"Parallel to and 3nm N of ML5 line, transiting NE. Seas 4-5' from NE."
8/30/2015,Norseman II,NOR0815107,Line,200,Port,Bridge,OBSR2,Survey,8.7,11:51,12:26,71 36.21,162 12.12,71 32.81,162 23.80,0,None,35.8,35.3,100,1,11.1kt @ 61°,"Start at ML5-10, survey SW along ML5 line. 4-5' sea, behind us."
8/30/2015,Norseman II,NOR0815108,Line,300,Port,Bridge,OBSR1,Survey,8.8,12:29,14:35,71 32.50,162 24.81,71 19.76,163 06.17,0,None,38.7,38,90,1,13.1kt @ 49°,ML5 line. Bright glare 90 degrees port. 4' seas laying down. Followers: 3 white NOFU. OBSR2 observed 1304-1320.
8/30/2015,Norseman II,NOR0815109,Line,300,Port,Bridge,OBSR2,Survey,8.8,14:37,18:35,71 19.56,163 06.86,71 07.78,163 45.87,0,None,38.5,39.5,100,1,9.6kt @ 45°,"3 white NOFU following at start. 2NM from drill rig, Shell fleet. 4' seas, occasional 6-8' swell."
8/30/2015,Norseman II,NOR0815110,Line,300,Port,Bridge,OBSR1,Survey,8.8,16:38,18:07,71 07.52,163 46.66,71 08.38,164 24.34,0,None,44.2,39.2,100,1,10.4kt @ 49°,4ft swells and small 1-2 ft waves.
8/30/2015,Norseman II,NOR0815111,Line,300,Port,Bridge,OBSR1,Transit,8,18:09,18:40,71 08.27,164 23.82,71 07.80,164 11.05,0,None,35.1,39.1,100,1,7.4kt @ 42°,Transiting back directly along transect line we just surveyed (NOR0815110) - disturbed.
8/30/2015,Norseman II,NOR0815112,Line,300,Port,Bridge,OBSR2,Transit,8.3,18:43,19:20,71 07.75,164 09.80,71 07.24,163 54.35,0,None,34.9,37.4,100,1,8.0kt @ 41°,Transiting back directly along transect line we just surveyed (NOR0815110) - disturbed. Between ML5-5 and ML5-6. 8 kts of wind; wavelets; 4-6' swell from two directions.
8/31/2015,Norseman II,NOR0815113,Line,300,Port,Bridge,OBSR1,Survey,9.1,8:33,10:32,70 38.67,166 00.64,70 49.94,165 26.77,0,None,35.6,41.2,20,0,8.3kt @ 85°,2-3ft swell and wavelets. End of ML5 line.
8/31/2015,Norseman II,NOR0815114,Line,300,Port,Bridge,OBSR2,Survey,8.4,10:34,12:33,70 50.12,165 26.22,71 02.00,164 50.52,0,None,36.1,40.5,20,0,8.2kt @ 112°,"2-3ft swell, small wavelets and ripples, becoming glassy. Ended a little north of ML5-4."
8/31/2015,Norseman II,NOR0815115,Line,300,Port,Bridge,OBSR1,Survey,8.6,12:36,13:54,71 02.31,164 49.55,71 08.35,164 23.87,0,None,35.1,40.3,95,1,6.1kt @ 148°,ML5 line. 2-3ft swell and glassy wavelets. OBSR2 observed 1259-1309 for OBSR1's lunch break.
8/31/2015,Norseman II,NOR0815116,Line,300,Port,Bridge,OBSR1,Transit,7.9,13:56,14:50,71 08.45,164 24.27,71 11.16,164 45.17,0,None,35.1,38.3,95,1,4.4kt @ 120°,~ML5-6 to ML1-13. First part of this transit is essentially repeat of end of last transect - disturbed. Ship's wake visible ~400m port almost parallel to new track.
8/31/2015,Norseman II,NOR0815117,Line,300,Port,Bridge,OBSR2,Transit,8.1,14:52,17:00,71 11.25,164 45.83,71 17.93,165 39.57,0,None,36.7,38.9,100,1,8.6kt @ 139°,Transiting to ML1-13 from ML5-5.
8/31/2015,Norseman II,NOR0815118,Line,300,Port,Bridge,OBSR1,Transit,8.7,17:02,19:30,71 18.04,165 40.37,71 26.58,166 47.32,0,None,38.1,38.1,100,1,12.9kt @ 144°,To ML1-13.
8/31/2015,Norseman II,NOR0815119,Line,300,Port,Bridge,OBSR1,Transit,8.8,20:06,20:42,71 28.67,166 57.59,71 30.43,167 13.23,0,None,39.4,38.2,100,1,9.0kt @ 158°,End at ML1-13.
9/1/2015,Norseman II,NOR0915001,Line,300,Port,Bridge,OBSR2,Survey,8.5,7:43,9:41,71 09.70,166 01.47,71 22.47,166 32.17,0,None,39.6,36.1,100,3,9.8kt @ 264°,Parallel to and 3nm NE of ML1 line. Wavelets and fog. Vis greater than or equal to 300M.
9/1/2015,Norseman II,NOR0915002,Line,200,Port,Bridge,OBSR1,Survey,8.4,9:44,10:27,71 22.81,166 33.19,71 26.83,166 46.75,0,None,34.5,38.8,100,3,8.6kt @ 257°,Parralel to ML1 line. Visibility ~200M due to fog. Cloud cover probably <100% but hard to tell due to fog. Some blue sky visiable through fog cover.
9/1/2015,Norseman II,NOR0915003,Line,300,Port,Bridge,OBSR1,Survey,8.2,10:29,11:38,71 27.03,166 47.46,71 30.51,167 13.87,0,None,34.9,38.7,100,2,7.7kt @ 291°,"GPS/TIME ERROR, times interpolated with corresponding coordinates obtained from separate data file, from 10:41:59 to 10:56:15, records  623-678 AND from 11:03:16 to 11:27:35, records 707-796. Fog, visiability > 1KM consistently. Cloud cover probably < 100% - some blue sky visiable through fog."
9/1/2015,Norseman II,NOR0915004,Line,300,Port,Bridge,OBSR2,Survey,8.1,11:40,14:00,71 30:36,167 13:79,71 16.89,166 29.19,0,None,37,38.8,100,2,6.1kt @ 261°,"ML1-13 down ML1 line. APHAM observed 1140-1143, 1253-1307. Dead bird observed - was about the size of a CRAU - photographed."
9/1/2015,Norseman II,NOR0915005,Line,300,Port,Bridge,OBSR1,Survey,8.2,14:02,16:09,71 16.67,166 28.47,71 04.76,165 48.81,0,None,37.6,38.4,100,1,4.6kt @ 266°,"ML1 line. Seas becoming glassy. At end of transect, a floating object, possible unidentified dead mammal or tissue, observed to starboard. Object was about 2M long. Appeared decomposed. Was associated with 2 NOFU and 1 GLGU."
9/1/2015,Norseman II,NOR0915006,Line,300,Port,Bridge,OBSR2,Survey,8.2,16:14,18:04,71 04.35,165 47.50,70 53.67,165 14.50,0,None,37.2,39.1,100,6,2.4kt @ 40°,"ML1 line. Calm seas, rain, distant fog."
9/1/2015,Norseman II,NOR0915007,Line,300,Port,Bridge,OBSR1,Survey,7.9,18:10,19:29,70 53.66,165 15.95,71 01.10,165 38.14,0,None,39,40,100,4,6.0kt @ 127°,Parallel to and 1NM from ML1 line. End at ML1-9.
9/2/2015,Norseman II,NOR0915008,Line,300,Port,Bridge,OBSR2,Survey,8,7:34,8:02,70 31.10,164 08.71,70 31.74,164 19.22,0,None,42.8,42.3,95,1,0.9kt @ 263°,"Start at ML1-5, transit parallel to and 3nm S of line, heading NW. 5 BLKI and 2 SAGU following at 0751."
9/2/2015,Norseman II,NOR0915009,Line,300,Port,Bridge,OBSR1,Survey,8,8:08,10:05,70 31.83,164 21.57,70 43.61,164 55.97,0,None,42.6,42.4,95,1,2.5kt @ 342°,Parallel to ML1. Followers - 5 BLKI.
9/2/2015,Norseman II,NOR0915010,Line,300,Port,Bridge,OBSR2,Survey,8.5,10:07,11:30,70 43.89,165 15.23,70 53.76,165 15.23,0,None,41,40.7,100,1,5.9kt @ 44°,"Seas 0-2, fog developed on horizon. Parallel to ML1 line, ended at ML1-8."
9/2/2015,Norseman II,NOR0915011,Line,300,Port,Bridge,OBSR2,Survey,8,11:32,12:44,70 53.87,165 14.70,70 46.80,164 52.51,0,None,40.1,40.2,100,2,8.9kt @ 51°,"ML1 line, start at ML1-8, surveying SE. Wavelets and ripples. Fog, visibility >500m. Occasional medium glare off bow."
9/2/2015,Norseman II,NOR0915012,Line,300,Port,Bridge,OBSR1,Survey,8.6,12:47,13:32,70 46.51,164 51.64,70 41.75,164 38.13,0,None,40.3,40.2,100,2,5.8kt @ 53°,2-3ft swell and wavelets. Glare ~10° starboard variable. ML1 line. Ended transect due to reduced visibility from fog.
9/2/2015,Norseman II,NOR0915013,Line,200,Port,Bridge,OBSR1,Survey,8.8,13:34,13:54,70 41.61,164 37.72,70 39.46,164 31.51,0,None,39.9,41,100,3,8.3kt @ 54°,Heavy fog.
9/2/2015,Norseman II,NOR0915014,Line,300,Port,Bridge,OBSR1,Survey,8.8,13:56,14:49,70 39.25,164 30.89,70 33.87,164 14.85,0,None,40.1,40.3,100,2,8.4kt @ 50°,ML1 line. Some fog. 2-3ft swells and wavelets <1ft.
9/2/2015,Norseman II,NOR0915015,Line,300,Port,Bridge,OBSR2,Survey,8.5,14:51,15:50,70 33.71,164 14.32,70 27.87,163 56.59,0,None,41.5,41,40,2,9.8kt @ 6.3°,Visibility poor due to fog at times.
9/2/2015,Norseman II,NOR0915016A,Line,100,Port,Bridge,OBSR2,Survey,8.3,15:52,16:08,70 27.71,163 56.13,70 26.13,163 51.37,0,None,40.6,42.5,100,3,10.7kt @ 47°,ML1 line. 1ft seas. Fog. Original transect split due to changing visibility.
9/2/2015,Norseman II,NOR0915016B,Line,200,Port,Bridge,OBSR2,Survey,8.3,16:08,16:28,70 26.11,163 51.28,70 23.99,163 45.60,0,None,40.6,42.5,100,3,10.7kt @ 47°,ML1 line. 1ft seas. Fog. Original transect split due to changing visibility.
9/2/2015,Norseman II,NOR0915016C,Line,100,Port,Bridge,OBSR2,Survey,8.3,16:28,16:46,70 23.96,163 45.52,70 22.02,163 40.70,0,None,40.6,42.5,100,3,10.7kt @ 47°,ML1 line. 1ft seas. Fog. Original transect split due to changing visibility.
9/2/2015,Norseman II,NOR0915016D,Line,300,Port,Bridge,OBSR2,Survey,8.3,16:46,16:59,70 22.01,163 40.66,70 20.65,163 37.34,0,None,40.6,42.5,100,3,10.7kt @ 47°,ML1 line. 1ft seas. Fog. Original transect split due to changing visibility.
9/2/2015,Norseman II,NOR0915017,Line,300,Port,Bridge,OBSR1,Survey,8.3,17:01,17:45,70 20.50,163 36.94,70 16.08,163 24.23,0,None,41.2,44.6,100,2,10.4kt @ 60°,ML1 line.
9/2/2015,Norseman II,NOR0915018A,Line,100,Port,Bridge,OBSR1,Survey,8.1,17:47,18:05,70 15.99,163 24.73,70 22.02,163 40.70,0,None,42.4,45.2,95,1,11.2kt @ 36°,Parallel to ML1 line back to ML1-4. Glare to port 45° port variable. Original transect split due to changing visibility.
9/2/2015,Norseman II,NOR0915018B,Line,300,Port,Bridge,OBSR1,Survey,8.1,18:05,18:23,70 22.01,163 40.66,70 17.66,163 37.39,0,None,42.4,45.2,95,1,11.2kt @ 36°,Parallel to ML1 line back to ML1-4. Glare to port 45° port variable. Original transect split due to changing visibility.
9/2/2015,Norseman II,NOR0915019,Line,100,Port,Bridge,OBSR1,Survey,8.3,18:24,19:14,70 17.80,163 37.77,70 23.75,163 45.97,0,None,40.1,44.9,95,3,12.6kt @ 49°,Very foggy. Parallel to ML1. Ended at ML1-4.
9/3/2015,Norseman II,NOR0915020,Line,300,Port,Bridge,OBSR1,Survey,8.3,12:23,13:42,70 02.21,162 39.80,70 08.44,163 03.12,0,None,44.6,44.2,10,0,12.2kt @ 93°,"ML1 line, starting at ML1-1. Strong glare at 135 port. Seas short and choppy, ~ 1-2 ft at start, growing as leaving lee. OBSR2 observed 1313-1330. Ended tran at ML1-2: Seas growing."
9/3/2015,Norseman II,NOR0915021,Line,200,Port,Bridge,OBSR1,Survey,7.9,13:44,14:59,70 08.59,163 03.56,70 15.73,163 23.18,0,None,45.1,44.5,10,0,20.4kt @ 89°,"ML1 line, starting at ML1-2. Seas 4 ft and growing."
