Station Number,Station Name,Date,Latitude,Longitude,Depth (m),Temperature,Salinity,Bottle #,Chla Conc (ug/L),Ammonia [µmol/L],Phosphate [µmol/L],Nitrite + Nitrate [µmol/L],Silicate [µmol/L],delta O-18
AMBON17-001,DBO3.8,20170806,67.667,-168.955,49.27,4.14,32.63,1,2.06,2.87,1.66,12.43,35.13,-1.11
AMBON17-001,DBO3.8,20170806,67.667,-168.955,49.45,4.14,32.63,2,,,,,,
AMBON17-001,DBO3.8,20170806,67.667,-168.955,40.29,4.15,32.63,3,2.23,2.66,1.63,12.5,35.89,
AMBON17-001,DBO3.8,20170806,67.667,-168.955,40.44,4.15,32.63,4,,,,,,
AMBON17-001,DBO3.8,20170806,67.667,-168.955,29.25,4.16,32.63,5,2.13,3.26,1.66,13.29,36.25,
AMBON17-001,DBO3.8,20170806,67.667,-168.955,29.33,4.15,32.63,6,,,,,,
AMBON17-001,DBO3.8,20170806,67.667,-168.955,20.65,4.19,32.63,7,2.18,2.71,1.55,12.07,34.79,
AMBON17-001,DBO3.8,20170806,67.667,-168.955,20.72,4.19,32.63,8,,,,,,
AMBON17-001,DBO3.8,20170806,67.667,-168.955,10.56,5.02,32.66,9,8.68,0.57,1.01,5.81,23.06,
AMBON17-001,DBO3.8,20170806,67.667,-168.955,10.61,5.01,32.66,10,,,,,,
AMBON17-001,DBO3.8,20170806,67.667,-168.954,5.46,6.72,32.71,11,9.28,0.32,0.32,0.29,11.04,-1.1
AMBON17-001,DBO3.8,20170806,67.668,-168.954,5.56,6.72,32.71,12,,,,,,
AMBON17-001,DBO3.8,20170806,67.668,-168.954,5.43,6.72,32.71,13,,,,,,
AMBON17-001,DBO3.8,20170806,67.668,-168.954,5.44,6.71,32.72,14,,,,,,
AMBON17-001,DBO3.8,20170806,67.668,-168.954,5.48,6.67,32.72,15,,,,,,
AMBON17-002,DBO3.7,20170806,67.784,-168.605,46.63,3.98,32.76,1,0.96,3.7,1.73,12.07,30.61,-1.03
AMBON17-002,DBO3.7,20170806,67.784,-168.605,46.67,3.98,32.76,2,,,,,,
AMBON17-002,DBO3.7,20170806,67.784,-168.605,41.89,3.97,32.76,3,0.78,3.75,1.65,11.86,30.36,
AMBON17-002,DBO3.7,20170806,67.784,-168.605,41.96,3.98,32.63,4,,,,,,
AMBON17-002,DBO3.7,20170806,67.784,-168.605,30.31,4.09,32.76,5,0.94,3.25,1.61,11.64,28.81,
AMBON17-002,DBO3.7,20170806,67.784,-168.605,30.29,4.08,32.76,6,,,,,,
AMBON17-002,DBO3.7,20170806,67.784,-168.605,19.96,4.74,32.76,7,2.51,0.81,1.2,7.36,19.79,
AMBON17-002,DBO3.7,20170806,67.784,-168.605,20.08,4.74,32.75,8,,,,,,
AMBON17-002,DBO3.7,20170806,67.784,-168.605,16.83,5.14,32.74,9,,,,,,
AMBON17-002,DBO3.7,20170806,67.784,-168.605,10.17,6.25,32.73,10,3.06,0.27,0.32,0.25,8.66,
AMBON17-002,DBO3.7,20170806,67.784,-168.605,10.26,6.2,32.73,11,,,,,,
AMBON17-002,DBO3.7,20170806,67.784,-168.605,7.32,6.79,32.67,12,,,,,,
AMBON17-002,DBO3.7,20170806,67.784,-168.605,7.28,6.79,32.66,13,,,,,,
AMBON17-002,DBO3.7,20170806,67.784,-168.604,4.92,8,32,14,2.01,0.22,0.21,0.17,3.28,-1.34
AMBON17-002,DBO3.7,20170806,67.784,-168.604,4.91,8.02,31.99,15,,,,,,
AMBON17-003,DBO3.6,20170807,67.897,-168.237,53.54,3.94,32.51,1,2.16,3.8,1.47,7.03,34.17,-1.06
AMBON17-003,DBO3.6,20170807,67.897,-168.237,53.61,3.94,32.52,2,,,,,,
AMBON17-003,DBO3.6,20170807,67.897,-168.237,41.18,3.93,32.49,3,1.08,3.63,1.44,6.94,32.17,
AMBON17-003,DBO3.6,20170807,67.897,-168.237,41.19,3.93,32.49,4,,,,,,
AMBON17-003,DBO3.6,20170807,67.897,-168.237,30.09,4.06,32.4,5,0.98,2.43,1.37,7.21,22.3,
AMBON17-003,DBO3.6,20170807,67.897,-168.237,29.99,4.06,32.4,6,,,,,,
AMBON17-003,DBO3.6,20170807,67.897,-168.237,19.95,4.28,32.27,7,1.81,0.76,1.01,2.02,15.28,
AMBON17-003,DBO3.6,20170807,67.897,-168.237,19.95,4.28,32.27,8,,,,,,
AMBON17-003,DBO3.6,20170807,67.897,-168.237,10.32,5.07,32.15,9,3.84,0.19,0.62,0.15,9.19,
AMBON17-003,DBO3.6,20170807,67.897,-168.237,10.3,5.06,32.15,10,,,,,,
AMBON17-003,DBO3.6,20170807,67.897,-168.237,5.19,6.66,32.08,11,19.52,0.88,0.48,0.12,7.14,-1.29
AMBON17-003,DBO3.6,20170807,67.897,-168.237,5.15,6.66,32.08,12,,,,,,
AMBON17-003,DBO3.6,20170807,67.897,-168.237,2.13,8.32,31.37,13,,,,,,
AMBON17-003,DBO3.6,20170807,67.897,-168.237,2.27,8.34,31.36,14,,,,,,
AMBON17-004,DBO3.5,20170807,68.012,-167.867,48.57,3.91,32.24,1,0.64,1.88,1.14,1.26,17.79,-1.05
AMBON17-004,DBO3.5,20170807,68.012,-167.867,48.61,3.91,32.24,2,,,,,,
AMBON17-004,DBO3.5,20170807,68.012,-167.866,40.36,3.9,32.24,3,0.54,1.89,1.19,5.21,16.64,
AMBON17-004,DBO3.5,20170807,68.012,-167.866,40.53,3.9,32.24,4,,,,,,
AMBON17-004,DBO3.5,20170807,68.012,-167.866,30.88,3.86,32.2,5,0.43,1.95,1.2,1.12,14.76,
AMBON17-004,DBO3.5,20170807,68.012,-167.866,30.79,3.86,32.21,6,,,,,,
AMBON17-004,DBO3.5,20170807,68.012,-167.866,20.85,3.93,32.13,7,0.44,1.65,1.02,0.7,9.75,
AMBON17-004,DBO3.5,20170807,68.012,-167.866,20.96,3.93,32.13,8,,,,,,
AMBON17-004,DBO3.5,20170807,68.012,-167.866,10.61,7.03,32.01,9,3.14,0.18,0.37,0.11,7,
AMBON17-004,DBO3.5,20170807,68.012,-167.866,10.3,7.13,32.02,10,,,,,,
AMBON17-004,DBO3.5,20170807,68.012,-167.866,5.1,7.57,32.02,11,3.99,0.14,0.3,0.12,6.16,-1.16
AMBON17-004,DBO3.5,20170807,68.012,-167.866,5.09,7.51,32,12,,,,,,
AMBON17-005,DBO3.4,20170807,68.124,-167.498,48.14,4.82,32.05,1,1.19,1.81,1.01,3.34,16.02,-1.17
AMBON17-005,DBO3.4,20170807,68.124,-167.498,48.17,4.81,32.05,2,,,,,,
AMBON17-005,DBO3.4,20170807,68.124,-167.498,39.7,4.82,32.05,3,1.03,1.75,0.94,2.35,15.27,
AMBON17-005,DBO3.4,20170807,68.124,-167.498,40.21,4.82,32.05,4,,,,,,
AMBON17-005,DBO3.4,20170807,68.124,-167.498,29.69,4.84,32.04,5,0.91,1.82,0.99,0.78,14.85,
AMBON17-005,DBO3.4,20170807,68.124,-167.498,30.28,4.84,32.04,6,,,,,,
AMBON17-005,DBO3.4,20170807,68.124,-167.498,20.95,4.85,32.04,7,0.97,1.79,0.97,0.72,14.43,
AMBON17-005,DBO3.4,20170807,68.124,-167.498,20.96,4.85,32.04,8,,,,,,
AMBON17-005,DBO3.4,20170807,68.124,-167.498,16.4,7.87,31.78,9,,,,,,
AMBON17-005,DBO3.4,20170807,68.124,-167.498,16.2,7.88,31.78,10,,,,,,
AMBON17-005,DBO3.4,20170807,68.124,-167.498,10.4,9.05,31.72,11,1.98,0.73,0.17,0.24,2.47,
AMBON17-005,DBO3.4,20170807,68.124,-167.498,10.62,9,31.72,12,,,,,,
AMBON17-005,DBO3.4,20170807,68.124,-167.498,4.53,9.62,31.72,13,1.92,0.69,0.19,0.33,2.47,-1.11
AMBON17-005,DBO3.4,20170807,68.125,-167.498,4.76,9.62,31.72,14,,,,,,
AMBON17-005,DBO3.4,20170807,68.125,-167.498,4.66,9.62,31.72,15,,,,,,
AMBON17-006,DBO3.3,20170807,68.186,-167.306,45.15,7.69,31.85,1,1.19,1.54,0.59,2.36,8.68,-1.16
AMBON17-006,DBO3.3,20170807,68.186,-167.306,45.19,7.69,31.85,2,,,,,,
AMBON17-006,DBO3.3,20170807,68.186,-167.306,41.23,7.69,31.85,3,1.03,1.23,0.59,0.7,9,
AMBON17-006,DBO3.3,20170807,68.186,-167.306,40.26,7.69,31.85,4,,,,,,
AMBON17-006,DBO3.3,20170807,68.186,-167.306,31,7.69,31.85,5,0.91,1.12,0.59,0.5,8.82,
AMBON17-006,DBO3.3,20170807,68.186,-167.307,30.66,7.69,31.85,6,,,,,,
AMBON17-006,DBO3.3,20170807,68.186,-167.307,21.39,7.68,31.84,7,0.97,0.98,0.58,0.51,8.73,
AMBON17-006,DBO3.3,20170807,68.186,-167.307,21.13,7.68,31.84,8,,,,,,
AMBON17-006,DBO3.3,20170807,68.186,-167.307,14.72,7.74,31.81,9,,,,,,
AMBON17-006,DBO3.3,20170807,68.186,-167.307,14.39,7.73,31.81,10,,,,,,
AMBON17-006,DBO3.3,20170807,68.186,-167.308,10.18,9.34,30.88,11,1.98,0.18,0.11,0.38,1.91,
AMBON17-006,DBO3.3,20170807,68.186,-167.308,9.79,9.38,30.9,12,,,,,,
AMBON17-006,DBO3.3,20170807,68.186,-167.308,5.07,9.63,31.64,13,1.92,0.4,0.13,0.27,1.82,-1.1
AMBON17-006,DBO3.3,20170807,68.186,-167.308,5.2,9.63,31.64,14,,,,,,
AMBON17-006,DBO3.3,20170807,68.186,-167.308,5.11,9.63,31.64,15,,,,,,
AMBON17-007,DBO3.2,20170807,68.244,-167.125,40.1,8.57,31.47,1,0.96,0.67,0.63,0.44,8.14,-1.39
AMBON17-007,DBO3.2,20170807,68.244,-167.125,40.07,8.56,31.48,2,,,,,,
AMBON17-007,DBO3.2,20170807,68.244,-167.126,30.16,8.6,31.43,3,1.1,0.52,0.62,0.54,8.27,
AMBON17-007,DBO3.2,20170807,68.244,-167.126,30.49,8.61,31.43,4,,,,,,
AMBON17-007,DBO3.2,20170807,68.244,-167.126,20.74,8.58,31.41,5,1.04,0.65,0.67,0.26,8.48,
AMBON17-007,DBO3.2,20170807,68.244,-167.127,20.91,8.58,31.41,6,,,,,,
AMBON17-007,DBO3.2,20170807,68.244,-167.127,10.95,9.1,31.41,7,1.81,0.26,0.48,0.26,6.31,
AMBON17-007,DBO3.2,20170807,68.244,-167.127,10.71,9.12,31.41,8,,,,,,
AMBON17-007,DBO3.2,20170807,68.244,-167.127,5.79,9.88,31.46,9,2.19,0.25,0.3,0.11,3.43,-1.22
AMBON17-007,DBO3.2,20170807,68.244,-167.127,5.5,9.85,31.45,10,,,,,,
AMBON17-008,DBO3.1,20170807,68.3,-166.939,31.75,10.55,31.01,1,2.16,0.23,0.52,0.21,4.49,-1.71
AMBON17-008,DBO3.1,20170807,68.3,-166.939,31.82,10.55,31.01,2,,,,,,
AMBON17-008,DBO3.1,20170807,68.3,-166.939,20.64,10.55,30.99,3,1.93,0.24,0.53,0.21,4.48,
AMBON17-008,DBO3.1,20170807,68.3,-166.939,20.39,10.56,30.97,4,,,,,,
AMBON17-008,DBO3.1,20170807,68.3,-166.94,13.52,11.24,30.71,5,,,,,,
AMBON17-008,DBO3.1,20170807,68.3,-166.94,13.51,11.25,30.72,6,,,,,,
AMBON17-008,DBO3.1,20170807,68.3,-166.941,9.3,11.26,30.71,7,1.82,1.31,0.46,0.15,6.14,
AMBON17-008,DBO3.1,20170807,68.3,-166.941,9.39,11.26,30.71,8,,,,,,
AMBON17-008,DBO3.1,20170807,68.299,-166.942,5.1,12.22,28.27,9,1.7,0.6,0.41,0.21,5.45,-3.13
AMBON17-008,DBO3.1,20170807,68.299,-166.942,5.34,12.2,28.32,10,,,,,,
AMBON17-009,CL3,20170808,69.033,-168.893,48.8,4.36,32.33,1,1.08,0.19,0.99,0.26,14.45,-1.16
AMBON17-009,CL3,20170808,69.034,-168.893,48.97,4.35,32.32,2,,,,,,
AMBON17-009,CL3,20170808,69.034,-168.893,40.85,4.58,32.28,3,1.26,0.18,0.84,0.22,12.7,
AMBON17-009,CL3,20170808,69.034,-168.893,40.88,4.58,32.28,4,,,,,,
AMBON17-009,CL3,20170808,69.034,-168.893,29.79,5.11,32.26,5,1.33,0.27,0.74,0.21,6.22,
AMBON17-009,CL3,20170808,69.034,-168.893,29.51,5.11,32.26,6,,,,,,
AMBON17-009,CL3,20170808,69.034,-168.893,20.68,5.37,32.23,7,3.52,0.29,0.68,0.36,6.99,
AMBON17-009,CL3,20170808,69.034,-168.893,20.7,5.37,32.23,8,,,,,,
AMBON17-009,CL3,20170808,69.033,-168.893,14.38,6.45,32.29,9,,,,,,
AMBON17-009,CL3,20170808,69.033,-168.893,14.21,6.39,32.29,10,,,,,,
AMBON17-009,CL3,20170808,69.033,-168.892,10.49,7.2,32.27,11,8.16,0.23,0.54,0.13,4.16,
AMBON17-009,CL3,20170808,69.033,-168.892,10.63,7.26,32.25,12,,,,,,
AMBON17-009,CL3,20170808,69.033,-168.892,4.73,7.28,32.25,13,5.56,0.17,0.32,0.17,3.92,-1.16
AMBON17-009,CL3,20170808,69.033,-168.892,4.71,7.28,32.25,14,,,,,,
AMBON17-010,CL2.5,20170808,69.03,-168.411,15.46,7.25,32.26,1,,,,,,
AMBON17-010,CL2.5,20170808,69.03,-168.411,12.15,7.4,32.25,2,,,,,,
AMBON17-010,CL2.5,20170808,69.03,-168.411,9.65,7.48,32.24,3,,,,,,
AMBON17-010,CL2.5,20170808,69.03,-168.411,9.55,7.56,32.22,4,,,,,,
AMBON17-010,CL2.5,20170808,69.03,-168.411,8,7.54,32.2,5,,,,,,
AMBON17-010,CL2.5,20170808,69.03,-168.411,6.8,7.53,32.19,6,,,,,,
AMBON17-010,CL2.5,20170808,69.03,-168.411,5.67,7.53,32.18,7,,,,,,
AMBON17-010,CL2.5,20170808,69.03,-168.411,4.77,7.52,32.19,8,,,,,,
AMBON17-010,CL2.5,20170808,69.03,-168.411,3.91,7.52,32.18,9,,,,,,
AMBON17-010,CL2.5,20170808,69.03,-168.411,2.41,7.53,32.17,10,,,,,,
AMBON17-011,CL2,20170808,69.029,-167.934,45.86,5.55,32.22,1,0.75,0.48,0.69,0.41,8.54,-1.11
AMBON17-011,CL2,20170808,69.029,-167.934,46.56,5.49,32.22,2,,,,,,
AMBON17-011,CL2,20170808,69.029,-167.934,39.27,5.79,32.23,3,0.78,0.53,0.63,0.75,5.93,
AMBON17-011,CL2,20170808,69.029,-167.934,39.9,5.79,32.23,4,,,,,,
AMBON17-011,CL2,20170808,69.029,-167.934,31.33,6.2,32.18,5,0.71,0.18,0.46,0.35,4.43,
AMBON17-011,CL2,20170808,69.029,-167.934,31.31,6.2,32.18,6,,,,,,
AMBON17-011,CL2,20170808,69.029,-167.934,19.01,6.72,32.09,7,0.98,0.26,0.47,0.13,4.56,
AMBON17-011,CL2,20170808,69.029,-167.934,18.84,6.72,32.1,8,,,,,,
AMBON17-011,CL2,20170808,69.029,-167.934,9.53,8.82,31.62,9,3.95,0.14,0.34,0.41,4.75,
AMBON17-011,CL2,20170808,69.029,-167.934,9.25,8.85,31.61,10,,,,,,
AMBON17-011,CL2,20170808,69.029,-167.934,3.89,9.08,31.49,11,2.66,0.23,0.38,0.18,4.61,-1.69
AMBON17-011,CL2,20170808,69.029,-167.934,3.74,9.08,31.49,12,,,,,,
AMBON17-012,CL1.5,20170808,69,-167.434,16.93,7.4,32.05,1,,,,,,
AMBON17-012,CL1.5,20170808,69,-167.434,4.86,7.91,31.94,2,,,,,,
AMBON17-013,CL1,20170808,68.949,-166.907,43.18,7.35,31.87,1,1.07,0.94,0.59,0.45,9.41,-1.4
AMBON17-013,CL1,20170808,68.949,-166.907,43.39,7.35,31.87,2,,,,,,
AMBON17-013,CL1,20170808,68.949,-166.906,39.52,7.56,31.81,3,1.1,0.82,0.59,0.35,9.44,
AMBON17-013,CL1,20170808,68.949,-166.906,39.54,7.59,31.8,4,,,,,,
AMBON17-013,CL1,20170808,68.949,-166.906,30.63,8.2,31.69,5,1.15,0.48,0.56,0.33,7.66,
AMBON17-013,CL1,20170808,68.949,-166.906,30.76,8.19,31.69,6,,,,,,
AMBON17-013,CL1,20170808,68.948,-166.906,20.41,8.99,31.51,7,2.27,0.27,0.44,0.4,6.92,
AMBON17-013,CL1,20170808,68.948,-166.906,20.56,8.98,31.5,8,,,,,,
AMBON17-013,CL1,20170808,68.948,-166.906,14.51,9.29,31.36,9,,,,,,
AMBON17-013,CL1,20170808,68.948,-166.906,14.79,9.29,31.36,10,,,,,,
AMBON17-013,CL1,20170808,68.948,-166.906,10.01,9.44,31.29,11,1.61,0.5,0.53,0.15,6.88,
AMBON17-013,CL1,20170808,68.948,-166.906,9.99,9.44,31.29,12,,,,,,
AMBON17-013,CL1,20170808,68.948,-166.906,4.56,9.98,31.08,13,1.81,0.33,0.52,0.18,5.65,-2.02
AMBON17-013,CL1,20170808,68.948,-166.906,4.33,9.99,31.08,14,,,,,,
AMBON17-014,CL0,20170808,68.9,-166.426,27.01,9.87,31.05,1,1.26,0.95,0.6,0.39,7.72,-2.44
AMBON17-014,CL0,20170808,68.9,-166.426,27.09,9.88,31.05,2,,,,,,
AMBON17-014,CL0,20170808,68.9,-166.426,19.52,10.64,30.58,3,1.31,0.59,0.6,0.15,7.5,
AMBON17-014,CL0,20170808,68.9,-166.426,18.99,10.64,30.56,4,,,,,,
AMBON17-014,CL0,20170808,68.9,-166.427,10.24,10.99,30.01,5,1.32,0.41,0.61,0.22,6.81,
AMBON17-014,CL0,20170808,68.9,-166.427,10.19,10.94,30.07,6,,,,,,
AMBON17-014,CL0,20170808,68.901,-166.426,5.75,11.76,28.74,7,,,,,,
AMBON17-014,CL0,20170808,68.901,-166.426,6.13,11.76,28.7,8,,,,,,
AMBON17-014,CL0,20170808,68.902,-166.426,3.88,11.85,28.29,9,1.74,0.23,0.44,0.17,4.82,-3.21
AMBON17-014,CL0,20170808,68.902,-166.426,3.76,11.85,28.27,10,,,,,,
AMBON17-015,ML6.1,20170809,70.087,-163.96,28.46,4.46,31.27,1,0.81,3.76,1.1,1.22,26.45,-1.76
AMBON17-015,ML6.1,20170809,70.087,-163.96,28.17,4.46,31.27,2,,,,,,
AMBON17-015,ML6.1,20170809,70.087,-163.96,21.34,6.4,31.36,3,,,,,,
AMBON17-015,ML6.1,20170809,70.087,-163.96,21.52,6.26,31.37,4,,,,,,
AMBON17-015,ML6.1,20170809,70.087,-163.96,19.37,7.5,31.13,5,2,0.56,0.51,0.1,4.6,
AMBON17-015,ML6.1,20170809,70.087,-163.96,19.4,7.39,31.15,6,,,,,,
AMBON17-015,ML6.1,20170809,70.087,-163.96,10.17,9.89,30.56,7,1.38,0.23,0.45,0.11,4.6,
AMBON17-015,ML6.1,20170809,70.087,-163.96,10.61,9.89,30.56,8,,,,,,
AMBON17-015,ML6.1,20170809,70.087,-163.96,5.06,9.89,30.56,9,1.14,1.25,0.41,0.48,4.82,-2.24
AMBON17-015,ML6.1,20170809,70.087,-163.96,5.29,9.89,30.56,10,,,,,,
AMBON17-016,ML6.2,20170809,70.268,-163.407,26.47,3.91,30.97,1,0.89,2.82,1.12,1.57,18.23,-1.76
AMBON17-016,ML6.2,20170809,70.268,-163.407,26.96,3.9,30.97,2,,,,,,
AMBON17-016,ML6.2,20170809,70.268,-163.406,19.58,8.08,30.58,3,2.34,0.14,0.49,0.26,4.72,
AMBON17-016,ML6.2,20170809,70.268,-163.406,20.47,5.89,30.85,4,,,,,,
AMBON17-016,ML6.2,20170809,70.268,-163.404,12.12,9.64,30.43,5,1.78,0.29,0.43,0.43,3.99,
AMBON17-016,ML6.2,20170809,70.268,-163.404,11.96,9.64,30.42,6,,,,,,
AMBON17-016,ML6.2,20170809,70.268,-163.403,5.2,9.71,30.29,7,1.31,0.14,0.44,0.08,4.1,-2.02
AMBON17-016,ML6.2,20170809,70.268,-163.403,4.74,9.71,30.29,8,,,,,,
AMBON17-017,ML6.3,20170809,70.389,-163.024,27.52,4.39,31.33,1,1.06,2.02,0.96,1.39,15.66,-1.8
AMBON17-017,ML6.3,20170809,70.389,-163.024,27.45,4.39,31.32,2,,,,,,
AMBON17-017,ML6.3,20170809,70.389,-163.022,25.14,4.41,31.32,3,,,,,,
AMBON17-017,ML6.3,20170809,70.389,-163.022,24.69,4.41,31.33,4,,,,,,
AMBON17-017,ML6.3,20170809,70.389,-163.022,20.46,8.38,30.9,5,2,0.37,0.54,0.44,5.32,
AMBON17-017,ML6.3,20170809,70.389,-163.022,19.83,8.81,30.88,6,,,,,,
AMBON17-017,ML6.3,20170809,70.389,-163.021,9.77,9.47,30.89,7,1.6,0.38,0.42,0.45,3.77,
AMBON17-017,ML6.3,20170809,70.389,-163.02,10.08,9.47,30.89,8,,,,,,
AMBON17-017,ML6.3,20170809,70.389,-163.019,5.21,9.47,30.89,9,1.43,0.29,0.42,0.3,3.79,-1.89
AMBON17-017,ML6.3,20170809,70.389,-163.019,6.18,9.47,30.89,10,,,,,,
AMBON17-018,ML6.4,20170809,70.509,-162.642,29.21,4.53,31.38,1,0.8,2.61,1.01,1.4,15.03,-1.68
AMBON17-018,ML6.4,20170809,70.509,-162.642,29.83,4.53,31.38,2,,,,,,
AMBON17-018,ML6.4,20170809,70.509,-162.642,23.28,4.57,31.33,3,,,,,,
AMBON17-018,ML6.4,20170809,70.509,-162.642,23.78,4.56,31.33,4,,,,,,
AMBON17-018,ML6.4,20170809,70.509,-162.642,20.76,8.46,31.08,5,1.75,0.27,0.41,0.61,3.65,
AMBON17-018,ML6.4,20170809,70.509,-162.642,20.58,8.67,31.08,6,,,,,,
AMBON17-018,ML6.4,20170809,70.51,-162.642,11.39,9.47,31.01,7,1.82,0.23,0.39,0.17,3.02,
AMBON17-018,ML6.4,20170809,70.51,-162.642,10.48,9.47,31.01,8,,,,,,
AMBON17-018,ML6.4,20170809,70.51,-162.641,4.17,9.47,31.01,9,1.63,0.23,0.39,0.17,3,-1.99
AMBON17-018,ML6.4,20170809,70.51,-162.641,3.77,9.47,31.01,10,,,,,,
AMBON17-019,ML6.5,20170810,70.626,-162.245,35.46,5.14,31.53,1,0.7,4.87,1.55,2.13,13.61,-1.63
AMBON17-019,ML6.5,20170810,70.626,-162.245,36.03,5.13,31.53,2,,,,,,
AMBON17-019,ML6.5,20170810,70.626,-162.245,30.03,5.13,31.53,3,0.63,4.8,1.52,0.8,13.4,
AMBON17-019,ML6.5,20170810,70.626,-162.245,29.46,5.13,31.53,4,,,,,,
AMBON17-019,ML6.5,20170810,70.626,-162.246,20.82,7.32,31.51,5,1.66,0.34,0.41,0.27,1.78,
AMBON17-019,ML6.5,20170810,70.626,-162.246,20.28,7.8,31.45,6,,,,,,
AMBON17-019,ML6.5,20170810,70.626,-162.246,10.49,9.17,31.22,7,1.56,0.14,0.35,0.2,1.78,
AMBON17-019,ML6.5,20170810,70.626,-162.246,10.4,9.17,31.22,8,,,,,,
AMBON17-019,ML6.5,20170810,70.626,-162.245,4.86,9.17,31.22,9,1.8,0.3,0.38,0.27,1.78,-1.64
AMBON17-019,ML6.5,20170810,70.626,-162.245,4.69,9.17,31.22,10,,,,,,
AMBON17-020,ML6.6,20170810,70.726,-161.937,39.23,4.36,31.78,1,0.7,2.08,0.87,1.27,15.57,-1.64
AMBON17-020,ML6.6,20170810,70.726,-161.937,38.48,4.35,31.78,2,,,,,,
AMBON17-020,ML6.6,20170810,70.726,-161.937,30.36,4.37,31.78,3,0.65,2.13,0.82,2.81,15.06,
AMBON17-020,ML6.6,20170810,70.726,-161.937,30,4.37,31.78,4,,,,,,
AMBON17-020,ML6.6,20170810,70.726,-161.937,20.27,7.33,31.49,5,1.72,0.34,0.39,0.44,1.79,
AMBON17-020,ML6.6,20170810,70.726,-161.937,20.84,7,31.54,6,,,,,,
AMBON17-020,ML6.6,20170810,70.726,-161.937,10.12,8.94,31.33,7,1.29,0.38,0.3,0.4,1.78,
AMBON17-020,ML6.6,20170810,70.726,-161.937,9.48,8.94,31.33,8,,,,,,
AMBON17-020,ML6.6,20170810,70.726,-161.936,4.56,8.93,31.32,9,1.47,0.39,0.34,0.33,1.78,-1.64
AMBON17-020,ML6.6,20170810,70.726,-161.936,4.7,8.94,31.33,10,,,,,,
AMBON17-021,ML6.7,20170810,70.844,-161.537,42.63,4.76,32.16,1,0.7,1.44,0.87,3.58,8.71,-1.32
AMBON17-021,ML6.7,20170810,70.844,-161.537,42.54,4.75,32.16,2,,,,,,
AMBON17-021,ML6.7,20170810,70.844,-161.538,29.31,4.79,32.16,3,0.68,1.62,0.97,0.93,11.54,
AMBON17-021,ML6.7,20170810,70.843,-161.538,30.08,4.8,32.16,4,,,,,,
AMBON17-021,ML6.7,20170810,70.844,-161.538,21.4,5.09,32.22,5,1.33,0.31,0.46,0.48,1.81,
AMBON17-021,ML6.7,20170810,70.844,-161.538,20.76,6.24,32.2,6,,,,,,
AMBON17-021,ML6.7,20170810,70.844,-161.538,11.3,7.79,32.21,7,0.74,0.87,0.42,0.45,1.78,
AMBON17-021,ML6.7,20170810,70.844,-161.538,11.1,7.79,32.21,8,,,,,,
AMBON17-021,ML6.7,20170810,70.844,-161.538,5.23,7.78,32.21,9,0.78,0.3,0.39,0.35,1.78,-1.29
AMBON17-021,ML6.7,20170810,70.844,-161.538,4.63,7.78,32.21,10,,,,,,
AMBON17-022,ML6.8,20170810,70.96,-161.133,41.61,4.21,32.67,1,0.79,3.3,1.25,2.49,10.54,-1.02
AMBON17-022,ML6.8,20170810,70.96,-161.133,41.53,4.21,32.67,2,,,,,,
AMBON17-022,ML6.8,20170810,70.96,-161.132,29.84,4.22,32.66,3,0.81,2.51,1.21,2.84,10.65,
AMBON17-022,ML6.8,20170810,70.96,-161.132,30,4.21,32.67,4,,,,,,
AMBON17-022,ML6.8,20170810,70.96,-161.131,19.96,6.15,31.37,5,0.27,0.31,0.65,0.22,3.54,
AMBON17-022,ML6.8,20170810,70.96,-161.131,20.48,6.14,31.39,6,,,,,,
AMBON17-022,ML6.8,20170810,70.96,-161.13,9.1,6.15,31.62,7,0.26,0.48,0.64,0.27,3.46,
AMBON17-022,ML6.8,20170810,70.96,-161.13,9.28,6.15,31.62,8,,,,,,
AMBON17-022,ML6.8,20170810,70.96,-161.128,5.04,6.15,31.62,9,0.38,0.52,0.64,0.81,3.4,-1.81
AMBON17-022,ML6.8,20170810,70.96,-161.128,5.32,6.15,31.62,10,,,,,,
AMBON17-023,ML6.9,20170810,71.075,-160.737,50.31,2.19,32.62,1,1.04,4,1.51,3.37,18.1,-1.1
AMBON17-023,ML6.9,20170810,71.075,-160.737,49.09,2.18,32.62,2,,,,,,
AMBON17-023,ML6.9,20170810,71.075,-160.736,41.77,2.16,32.61,3,0.94,3.92,1.56,3.51,18.85,
AMBON17-023,ML6.9,20170810,71.075,-160.736,41.72,2.16,32.61,4,,,,,,
AMBON17-023,ML6.9,20170810,71.076,-160.735,35.87,2.05,32.59,5,,,,,,
AMBON17-023,ML6.9,20170810,71.076,-160.735,35.79,2.05,32.59,6,,,,,,
AMBON17-023,ML6.9,20170810,71.076,-160.735,31.55,1.16,31.92,7,2.49,0.46,0.83,0.33,3.72,
AMBON17-023,ML6.9,20170810,71.076,-160.735,31.89,1.05,31.94,8,,,,,,
AMBON17-023,ML6.9,20170810,71.076,-160.734,22.59,6.19,31.75,9,0.23,0.37,0.75,0.81,3.66,
AMBON17-023,ML6.9,20170810,71.076,-160.734,22.11,6.2,31.75,10,,,,,,
AMBON17-023,ML6.9,20170810,71.076,-160.734,12.43,5.98,31.53,11,0.22,0.36,0.78,0.27,4.88,
AMBON17-023,ML6.9,20170810,71.076,-160.734,12.91,5.98,31.53,12,,,,,,
AMBON17-023,ML6.9,20170810,71.076,-160.733,5.23,5.97,31.52,13,,,,,,
AMBON17-023,ML6.9,20170810,71.076,-160.733,4.44,5.97,31.52,14,0.33,0.34,1.5,2.79,4.9,-2.06
AMBON17-024,ML4.4,20170811,71.194,-160.27,48.9,0.37,32.3,1,0.35,3.38,1.63,4.07,21.41,-1.5
AMBON17-024,ML4.4,20170811,71.194,-160.27,48.54,0.37,32.3,2,,,,,,
AMBON17-024,ML4.4,20170811,71.194,-160.27,41.29,0.36,32.3,3,0.27,3.28,1.63,5.39,21.99,
AMBON17-024,ML4.4,20170811,71.194,-160.27,40.53,0.36,32.3,4,,,,,,
AMBON17-024,ML4.4,20170811,71.193,-160.27,30.9,1.04,31.94,5,0.31,1.32,1.09,2.2,7.84,
AMBON17-024,ML4.4,20170811,71.193,-160.27,30.34,1.15,31.94,6,,,,,,
AMBON17-024,ML4.4,20170811,71.193,-160.27,20.93,4.88,31.3,7,0.19,0.31,0.63,0.32,2.9,
AMBON17-024,ML4.4,20170811,71.193,-160.27,20.5,5.14,31.25,8,,,,,,
AMBON17-024,ML4.4,20170811,71.193,-160.27,9.23,5.05,31.07,9,0.16,0.36,0.53,0.65,1.86,
AMBON17-024,ML4.4,20170811,71.193,-160.27,9.54,5.05,31.07,10,,,,,,
AMBON17-024,ML4.4,20170811,71.193,-160.27,4.73,5.05,31.07,11,0.17,1.1,0.53,0.48,1.87,-2.08
AMBON17-024,ML4.4,20170811,71.193,-160.27,4.82,5.05,31.07,12,,,,,,
AMBON17-025,ML6.11,20170812,71.361,-159.694,46.74,0.14,32.32,1,0.51,2.71,1.43,3.93,10.84,-1.47
AMBON17-025,ML6.11,20170812,71.361,-159.694,46.76,0.14,32.32,2,,,,,,
AMBON17-025,ML6.11,20170812,71.361,-159.694,41.27,0.14,32.32,3,0.43,2.82,1.4,3.75,10.57,
AMBON17-025,ML6.11,20170812,71.361,-159.694,41.27,0.14,32.32,4,,,,,,
AMBON17-025,ML6.11,20170812,71.361,-159.694,31.31,1.07,32.01,5,0.34,0.72,0.78,1.03,2.26,
AMBON17-025,ML6.11,20170812,71.361,-159.694,30.97,1.09,32.01,6,,,,,,
AMBON17-025,ML6.11,20170812,71.36,-159.695,20.13,1.97,30.91,7,0.19,0.34,0.56,0.25,3.18,
AMBON17-025,ML6.11,20170812,71.36,-159.695,19.68,2.71,30.89,8,,,,,,
AMBON17-025,ML6.11,20170812,71.36,-159.695,10.54,3.85,30.42,9,0.18,0.33,0.51,0.48,2.52,
AMBON17-025,ML6.11,20170812,71.36,-159.695,10.61,3.85,30.42,10,,,,,,
AMBON17-025,ML6.11,20170812,71.36,-159.695,4.4,3.84,30.42,11,0.22,0.71,0.63,0.81,3.49,-2.07
AMBON17-025,ML6.11,20170812,71.36,-159.695,4.66,3.84,30.42,12,,,,,,
AMBON17-026,ML4.3,20170812,71.063,-159.883,52.49,2.09,32.6,1,0.86,3.83,1.58,3.92,19.03,-1.18
AMBON17-026,ML4.3,20170812,71.063,-159.883,52.13,2.08,32.6,2,,,,,,
AMBON17-026,ML4.3,20170812,71.063,-159.883,40.45,1.68,32.53,3,0.89,3.41,1.5,3.39,19.38,
AMBON17-026,ML4.3,20170812,71.063,-159.883,40.8,1.76,32.53,4,,,,,,
AMBON17-026,ML4.3,20170812,71.063,-159.882,33.13,0.76,32,5,5.56,1.17,1.06,4.4,4.59,
AMBON17-026,ML4.3,20170812,71.063,-159.882,33.35,0.74,32.03,6,,,,,,
AMBON17-026,ML4.3,20170812,71.063,-159.881,20.09,5.6,31.32,7,0.27,0.54,0.73,2.17,5.72,
AMBON17-026,ML4.3,20170812,71.063,-159.881,20.37,5.6,31.32,8,,,,,,
AMBON17-026,ML4.3,20170812,71.063,-159.882,9.49,5.6,31.32,9,0.29,0.46,0.77,0.32,5.62,
AMBON17-026,ML4.3,20170812,71.063,-159.882,10.16,5.6,31.32,10,,,,,,
AMBON17-026,ML4.3,20170812,71.063,-159.882,5.12,5.6,31.32,11,0.29,0.44,0.74,0.18,5.42,-2.01
AMBON17-026,ML4.3,20170812,71.062,-159.882,4.67,5.6,31.32,12,,,,,,
AMBON17-027,ML4.2,20170812,70.933,-159.504,41.15,7.75,31.62,1,0.78,0.72,0.51,0.43,3.81,-1.49
AMBON17-027,ML4.2,20170812,70.933,-159.504,41.78,7.78,31.62,2,,,,,,
AMBON17-027,ML4.2,20170812,70.933,-159.504,30.59,7.84,31.62,3,0.79,0.87,0.54,0.42,3.5,
AMBON17-027,ML4.2,20170812,70.933,-159.503,30.36,7.85,31.62,4,,,,,,
AMBON17-027,ML4.2,20170812,70.932,-159.503,21.85,7.87,31.62,5,0.76,0.97,0.5,0.72,3.24,
AMBON17-027,ML4.2,20170812,70.932,-159.503,20.96,7.89,31.62,6,,,,,,
AMBON17-027,ML4.2,20170812,70.932,-159.502,14.64,8.9,30.73,7,,,,,,
AMBON17-027,ML4.2,20170812,70.932,-159.502,14.03,9.07,30.63,8,,,,,,
AMBON17-027,ML4.2,20170812,70.932,-159.502,9.84,9.21,30.55,9,1.9,0.53,0.61,0.36,7.51,-2.13
AMBON17-027,ML4.2,20170812,70.932,-159.502,10.55,9.2,30.55,10,,,,,,
AMBON17-027,ML4.2,20170812,70.932,-159.502,5.63,9.2,30.54,11,1.79,0.67,0.62,1.91,7.39,
AMBON17-027,ML4.2,20170812,70.932,-159.502,5.1,9.19,30.53,12,,,,,,
AMBON17-028,ML4.1,20170812,70.892,-159.397,26.73,9.65,30.52,1,1.66,0.8,0.73,1.46,8.38,-2.15
AMBON17-028,ML4.1,20170812,70.892,-159.397,25.89,9.73,30.52,2,,,,,,
AMBON17-028,ML4.1,20170812,70.892,-159.397,20.24,9.97,30.53,3,1.83,1.02,0.84,5.91,8.42,
AMBON17-028,ML4.1,20170812,70.892,-159.397,20.39,9.96,30.53,4,,,,,,
AMBON17-028,ML4.1,20170812,70.891,-159.398,9.73,10.08,30.54,5,2.08,0.7,0.79,5.28,8.46,
AMBON17-028,ML4.1,20170812,70.891,-159.398,9.34,10.09,30.54,6,,,,,,
AMBON17-028,ML4.1,20170812,70.891,-159.398,5.05,10.08,30.54,7,1.99,0.79,0.81,1.66,12.24,-2.24
AMBON17-028,ML4.1,20170812,70.891,-159.398,5.58,10.09,30.54,8,,,,,,
AMBON17-029,ML4.5,20170812,71.323,-160.658,44.68,0.5,32.15,1,0.68,2.8,1.45,4.22,23.04,-1.59
AMBON17-029,ML4.5,20170812,71.323,-160.658,45.09,0.5,32.15,2,,,,,,
AMBON17-029,ML4.5,20170812,71.323,-160.658,40.3,0.56,32.13,3,1.25,2.57,1.39,2.51,15.88,
AMBON17-029,ML4.5,20170812,71.323,-160.658,40.81,0.53,32.13,4,,,,,,
AMBON17-029,ML4.5,20170812,71.323,-160.658,29.75,0.38,31.9,5,5.08,1.46,1.33,3.96,8.79,
AMBON17-029,ML4.5,20170812,71.323,-160.658,30.35,0.38,31.91,6,,,,,,
AMBON17-029,ML4.5,20170812,71.323,-160.659,20.21,1.86,31.4,7,0.62,0.53,0.57,3.08,2,
AMBON17-029,ML4.5,20170812,71.323,-160.659,19.93,2.48,31.35,8,,,,,,
AMBON17-029,ML4.5,20170812,71.323,-160.659,10.41,4.89,30.87,9,0.28,0.7,0.5,2.82,1.78,
AMBON17-029,ML4.5,20170812,71.323,-160.659,10.71,4.89,30.87,10,,,,,,
AMBON17-029,ML4.5,20170812,71.322,-160.66,4.3,4.9,30.87,11,0.22,0.34,0.45,1.13,1.78,-2.02
AMBON17-029,ML4.5,20170812,71.322,-160.66,4.39,4.9,30.87,12,,,,,,
AMBON17-030,ML4.6,20170812,71.454,-161.038,42.77,0.63,32.22,1,,,,,,
AMBON17-030,ML4.6,20170812,71.454,-161.038,42.64,0.63,32.22,2,,,,,,
AMBON17-030,ML4.6,20170812,71.454,-161.038,42.72,0.63,32.22,3,,,,,,
AMBON17-030,ML4.6,20170812,71.455,-161.038,41.86,0.63,32.22,4,0.44,2.48,1.31,2.96,18.78,-1.57
AMBON17-030,ML4.6,20170812,71.455,-161.038,42.57,0.63,32.22,5,,,,,,
AMBON17-030,ML4.6,20170812,71.455,-161.038,30.63,1.62,32.09,6,1.08,1.53,1.06,2.34,11.31,
AMBON17-030,ML4.6,20170812,71.455,-161.038,29.3,1.65,32.07,7,,,,,,
AMBON17-030,ML4.6,20170812,71.455,-161.038,21.42,4.89,31.3,8,0.29,0.3,0.53,1.1,1.78,
AMBON17-030,ML4.6,20170812,71.455,-161.038,21.37,4.86,31.31,9,,,,,,
AMBON17-030,ML4.6,20170812,71.455,-161.038,9.29,5.06,31.15,10,0.13,0.36,0.52,0.76,2.24,
AMBON17-030,ML4.6,20170812,71.455,-161.038,9.79,5.06,31.15,11,,,,,,
AMBON17-030,ML4.6,20170812,71.454,-161.039,4.59,5.05,31.15,12,0.14,0.42,0.53,0.54,2.3,-2.06
AMBON17-030,ML4.6,20170812,71.454,-161.039,4.78,5.05,31.15,13,,,,,,
AMBON17-031,ML4.7,20170813,71.588,-161.403,42.69,0.35,32.29,1,0.46,3.12,1.44,3.39,17.04,-1.42
AMBON17-031,ML4.7,20170813,71.588,-161.403,42.61,0.34,32.29,2,,,,,,
AMBON17-031,ML4.7,20170813,71.588,-161.404,29.28,0.82,32.14,3,0.26,0.95,0.81,0.9,1.94,
AMBON17-031,ML4.7,20170813,71.588,-161.403,30.32,0.59,32.18,4,,,,,,
AMBON17-031,ML4.7,20170813,71.588,-161.403,26.81,1.99,31.9,5,,,,,,
AMBON17-031,ML4.7,20170813,71.588,-161.403,26.86,2.03,31.89,6,,,,,,
AMBON17-031,ML4.7,20170813,71.588,-161.403,20.12,4.94,31.28,7,0.24,0.37,0.59,1.63,4.63,
AMBON17-031,ML4.7,20170813,71.588,-161.403,20.28,4.93,31.28,8,,,,,,
AMBON17-031,ML4.7,20170813,71.588,-161.403,10.51,4.92,31.25,9,0.21,0.41,0.67,0.43,2.33,
AMBON17-031,ML4.7,20170813,71.588,-161.403,10.73,4.92,31.25,10,,,,,,
AMBON17-031,ML4.7,20170813,71.588,-161.404,3.89,4.86,31.23,11,0.41,0.55,0.64,0.82,2.92,-2.02
AMBON17-031,ML4.7,20170813,71.588,-161.404,4.04,4.87,31.23,12,,,,,,
AMBON17-032,ML4.8,20170813,71.719,-161.774,41.92,0.12,32.12,1,0.37,2.46,1.4,4.04,9.65,-1.62
AMBON17-032,ML4.8,20170813,71.719,-161.774,41.46,0.13,32.12,2,,,,,,
AMBON17-032,ML4.8,20170813,71.719,-161.774,29.68,0.12,32.12,3,0.35,2.45,1.38,3.78,13.89,
AMBON17-032,ML4.8,20170813,71.719,-161.773,29.96,0.12,32.12,4,,,,,,
AMBON17-032,ML4.8,20170813,71.719,-161.774,24.27,0.92,32.04,5,,,,,,
AMBON17-032,ML4.8,20170813,71.719,-161.774,24.26,0.92,32.05,6,,,,,,
AMBON17-032,ML4.8,20170813,71.719,-161.773,19.13,2.5,31.66,7,0.57,0.41,0.67,0.9,1.99,
AMBON17-032,ML4.8,20170813,71.719,-161.773,19.4,2.47,31.66,8,,,,,,
AMBON17-032,ML4.8,20170813,71.719,-161.774,10.1,4.5,30.74,9,0.22,0.41,0.65,1.43,4.91,
AMBON17-032,ML4.8,20170813,71.719,-161.774,10.13,4.51,30.75,10,,,,,,
AMBON17-032,ML4.8,20170813,71.719,-161.774,4.71,4.34,30.51,11,0.2,0.37,1.72,0.75,6.32,-2.32
AMBON17-032,ML4.8,20170813,71.719,-161.774,4.23,4.35,30.51,12,,,,,,
AMBON17-033,ML4.9,20170813,71.85,-162.16,37.15,-0.21,31.9,1,2,1.5,1.25,5.43,3.04,-1.75
AMBON17-033,ML4.9,20170813,71.85,-162.16,37.07,-0.21,31.9,2,,,,,,
AMBON17-033,ML4.9,20170813,71.85,-162.161,29.85,-0.22,31.88,3,4.68,0.82,1.12,7.29,2.87,
AMBON17-033,ML4.9,20170813,71.85,-162.161,30.26,-0.21,31.9,4,,,,,,
AMBON17-033,ML4.9,20170813,71.85,-162.162,20.23,4.51,31.14,5,0.3,0.53,0.65,2.33,3.45,
AMBON17-033,ML4.9,20170813,71.85,-162.162,19.95,4.49,31.09,6,,,,,,
AMBON17-033,ML4.9,20170813,71.85,-162.163,12.03,4.11,30.37,7,0.32,0.38,0.75,4.81,6.87,
AMBON17-033,ML4.9,20170813,71.85,-162.163,12.18,4.12,30.37,8,,,,,,
AMBON17-033,ML4.9,20170813,71.849,-162.165,5.37,4.11,30.36,9,0.33,0.76,0.74,1.41,7.05,-2.29
AMBON17-033,ML4.9,20170813,71.849,-162.165,5.76,4.11,30.36,10,,,,,,
AMBON17-034,ML4.10,20170813,71.981,-162.544,29.82,0.22,31.65,1,0.99,0.84,0.96,7.57,4.6,-1.99
AMBON17-034,ML4.10,20170813,71.981,-162.544,29.33,0.22,31.65,2,,,,,,
AMBON17-034,ML4.10,20170813,71.981,-162.545,23.77,0.21,31.65,3,,,,,,
AMBON17-034,ML4.10,20170813,71.981,-162.545,23.58,0.21,31.65,4,,,,,,
AMBON17-034,ML4.10,20170813,71.981,-162.546,20.39,0.96,31.32,5,0.55,0.82,0.83,2.33,3.45,
AMBON17-034,ML4.10,20170813,71.981,-162.546,21.49,0.68,31.46,6,,,,,,
AMBON17-034,ML4.10,20170813,71.981,-162.546,10.64,3.88,30.18,7,0.29,0.85,0.73,4.27,8.21,
AMBON17-034,ML4.10,20170813,71.981,-162.546,10.39,3.87,30.17,8,,,,,,
AMBON17-034,ML4.10,20170813,71.981,-162.547,5.05,3.86,30.15,9,0.29,1.02,0.75,8,7.89,-2.25
AMBON17-034,ML4.10,20170813,71.981,-162.547,5.17,3.86,30.15,10,,,,,,
AMBON17-035,ML4.11,20170813,72.11,-162.923,34.52,0.09,32.4,1,1.71,3.43,1.41,6.14,10.09,-1.36
AMBON17-035,ML4.11,20170813,72.11,-162.923,34.5,0.09,32.4,2,,,,,,
AMBON17-035,ML4.11,20170813,72.11,-162.924,29.31,0.56,32.03,3,1.75,1.27,0.88,2.79,4.66,
AMBON17-035,ML4.11,20170813,72.11,-162.924,29.26,0.84,31.99,4,,,,,,
AMBON17-035,ML4.11,20170813,72.11,-162.924,20.87,4.75,31.72,5,0.86,0.58,0.53,2.72,4.77,
AMBON17-035,ML4.11,20170813,72.11,-162.924,21.07,4.75,31.72,6,,,,,,
AMBON17-035,ML4.11,20170813,72.11,-162.925,11.62,4.64,31.44,7,0.48,0.7,0.65,6.97,3.74,
AMBON17-035,ML4.11,20170813,72.11,-162.925,11.2,4.65,31.43,8,,,,,,
AMBON17-035,ML4.11,20170813,72.11,-162.926,4.61,4.78,31.36,9,0.46,0.65,0.63,15.21,3.95,-2.03
AMBON17-035,ML4.11,20170813,72.11,-162.926,5.13,4.78,31.36,10,,,,,,
AMBON17-036,ML4.12,20170813,72.239,-163.319,34.33,2.33,32.65,1,2.42,4.04,1.51,5.96,14.42,-1.07
AMBON17-036,ML4.12,20170813,72.239,-163.319,34.64,2.33,32.65,2,,,,,,
AMBON17-036,ML4.12,20170813,72.239,-163.32,32,1.53,32.45,3,,,,,,
AMBON17-036,ML4.12,20170813,72.239,-163.32,31.87,1.44,32.41,4,,,,,,
AMBON17-036,ML4.12,20170813,72.239,-163.321,29.78,0.88,32.21,5,6.12,0.89,0.71,0.79,4.81,
AMBON17-036,ML4.12,20170813,72.239,-163.321,29.75,0.85,32.21,6,,,,,,
AMBON17-036,ML4.12,20170813,72.238,-163.322,20.2,5.55,31.76,7,0.38,0.75,0.43,6.94,1.78,
AMBON17-036,ML4.12,20170813,72.238,-163.322,20.23,5.55,31.76,8,,,,,,
AMBON17-036,ML4.12,20170813,72.238,-163.323,10.65,5.1,31.48,9,0.35,1.03,0.61,3.23,3.41,
AMBON17-036,ML4.12,20170813,72.238,-163.323,10.39,5.09,31.48,10,,,,,,
AMBON17-036,ML4.12,20170813,72.238,-163.324,5.2,5.09,31.46,11,0.38,0.38,0.55,9.37,3.57,-1.73
AMBON17-036,ML4.12,20170813,72.238,-163.324,5.12,5.09,31.46,12,,,,,,
AMBON17-037,ML4.13,20170813,72.364,-163.723,40.58,2.15,32.58,1,1.97,3.58,1.52,5.84,13.27,-1.01
AMBON17-037,ML4.13,20170813,72.364,-163.723,40.61,2.15,32.58,2,,,,,,
AMBON17-037,ML4.13,20170813,72.364,-163.722,33.91,2.12,32.58,3,,,,,,
AMBON17-037,ML4.13,20170813,72.364,-163.722,33.97,2.11,32.58,4,,,,,,
AMBON17-037,ML4.13,20170813,72.365,-163.723,29.83,1.12,32.04,5,1.49,0.46,0.47,0.88,1.78,
AMBON17-037,ML4.13,20170813,72.365,-163.723,30.05,0.9,32.08,6,,,,,,
AMBON17-037,ML4.13,20170813,72.365,-163.723,19.58,6.17,31.79,7,0.8,0.39,0.3,1.12,1.78,
AMBON17-037,ML4.13,20170813,72.365,-163.723,19.93,6.17,31.79,8,,,,,,
AMBON17-037,ML4.13,20170813,72.365,-163.722,9.71,6.18,31.79,9,0.66,0.41,0.32,1.1,1.78,
AMBON17-037,ML4.13,20170813,72.365,-163.722,9.63,6.18,31.79,10,,,,,,
AMBON17-037,ML4.13,20170813,72.365,-163.723,4.3,6.18,31.79,11,0.55,0.73,0.34,0.39,1.78,-1.15
AMBON17-037,ML4.13,20170813,72.364,-163.723,4.17,6.18,31.79,12,,,,,,
AMBON17-038,ML4.14,20170814,72.497,-164.103,45.79,1.41,32.52,1,2.62,3.56,1.52,4.74,16.99,-1.14
AMBON17-038,ML4.14,20170814,72.497,-164.103,45.62,1.41,32.52,2,,,,,,
AMBON17-038,ML4.14,20170814,72.497,-164.103,38.95,1.29,32.51,3,2.28,3.35,1.46,4.26,15.83,
AMBON17-038,ML4.14,20170814,72.497,-164.104,38.89,1.29,32.51,4,,,,,,
AMBON17-038,ML4.14,20170814,72.497,-164.104,30.3,1.46,32.48,5,7.72,1.58,1.12,3.64,8.78,
AMBON17-038,ML4.14,20170814,72.497,-164.104,30.03,1.46,32.47,6,,,,,,
AMBON17-038,ML4.14,20170814,72.497,-164.103,20.49,5.93,31.52,7,0.7,0.67,0.6,1,3.3,
AMBON17-038,ML4.14,20170814,72.497,-164.103,20.4,5.89,31.5,8,,,,,,
AMBON17-038,ML4.14,20170814,72.497,-164.103,9.9,5.17,31.11,9,0.68,0.39,0.58,1.58,4.63,
AMBON17-038,ML4.14,20170814,72.497,-164.103,9.55,5.17,31.11,10,,,,,,
AMBON17-038,ML4.14,20170814,72.497,-164.102,4.62,5.16,31.11,11,0.58,0.34,0.61,0.66,4.63,-1.96
AMBON17-038,ML4.14,20170814,72.497,-164.102,4.64,5.16,31.11,12,,,,,,
AMBON17-039,CEO16,20170814,71.602,-161.524,31.94,0.97,32,1,,,,,,
AMBON17-039,CEO16,20170814,71.602,-161.524,31.9,0.9,32,2,,,,,,
AMBON17-039,CEO16,20170814,71.602,-161.524,32.62,0.81,32.03,3,,,,,,
AMBON17-039,CEO16,20170814,71.602,-161.524,31.97,0.86,32.01,4,,,,,,
AMBON17-039,CEO16,20170814,71.602,-161.524,32.36,0.8,32.02,5,,,,,,
AMBON17-039,CEO16,20170814,71.602,-161.524,32.65,0.86,32.04,6,,,,,,
AMBON17-039,CEO16,20170814,71.602,-161.524,32.18,0.81,32.03,7,,,,,,
AMBON17-039,CEO16,20170814,71.602,-161.524,32.67,0.89,32.05,8,,,,,,
AMBON17-039,CEO16,20170814,71.602,-161.524,32.09,0.82,32.03,9,,,,,,
AMBON17-039,CEO16,20170814,71.602,-161.524,32.19,0.86,32.04,10,,,,,,
AMBON17-039,CEO16,20170814,71.602,-161.524,32.2,0.86,32.04,11,,,,,,
AMBON17-039,CEO16,20170814,71.602,-161.524,32.46,0.9,32.05,12,,,,,,
AMBON17-040,CEO17,20170814,71.606,-161.464,39.77,0.51,32.21,1,,,,,,
AMBON17-040,CEO17,20170814,71.606,-161.464,33.75,0.27,31.93,2,,,,,,
AMBON17-041,ML5.10,20170814,71.603,-162.204,41.12,0.59,32.24,1,0.65,3.54,1.49,3.22,17.53,-1.55
AMBON17-041,ML5.10,20170814,71.603,-162.204,41.34,0.59,32.24,2,,,,,,
AMBON17-041,ML5.10,20170814,71.603,-162.204,29.51,1.51,32.06,3,1.88,1.37,0.98,2.66,11.51,
AMBON17-041,ML5.10,20170814,71.603,-162.204,28.92,1.61,32.06,4,,,,,,
AMBON17-041,ML5.10,20170814,71.603,-162.204,18.87,4.97,31.31,5,0.43,0.37,0.55,6.85,1.78,
AMBON17-041,ML5.10,20170814,71.603,-162.204,20.02,4.97,31.31,6,,,,,,
AMBON17-041,ML5.10,20170814,71.603,-162.204,10.63,5,31.31,7,0.01,0.82,0.69,1.13,1.78,
AMBON17-041,ML5.10,20170814,71.603,-162.204,10.56,5,31.31,8,,,,,,
AMBON17-041,ML5.10,20170814,71.603,-162.204,4.26,5.01,31.31,9,0.51,1.08,0.61,0.72,1.78,-2.12
AMBON17-041,ML5.10,20170814,71.603,-162.204,3.87,5,31.31,10,,,,,,
AMBON17-042,ML5.9,20170815,71.483,-162.604,41.66,0.8,32.19,1,0.86,2.92,1.47,2.79,20.37,-1.64
AMBON17-042,ML5.9,20170815,71.483,-162.604,41.07,0.8,32.19,2,,,,,,
AMBON17-042,ML5.9,20170815,71.483,-162.605,31.24,0.83,32.17,3,0.94,2.62,1.81,2.44,18.17,
AMBON17-042,ML5.9,20170815,71.483,-162.605,30.98,0.83,32.17,4,,,,,,
AMBON17-042,ML5.9,20170815,71.483,-162.605,26.25,1.29,31.85,5,,,,,,
AMBON17-042,ML5.9,20170815,71.483,-162.605,26.25,1.28,31.86,6,,,,,,
AMBON17-042,ML5.9,20170815,71.483,-162.605,18.8,5.08,31.31,7,0.4,0.37,0.59,1.38,4.36,
AMBON17-042,ML5.9,20170815,71.483,-162.604,18.39,5.08,31.31,8,,,,,,
AMBON17-042,ML5.9,20170815,71.483,-162.604,10.99,5.05,31.29,9,0.3,0.51,0.56,1.72,2.55,
AMBON17-042,ML5.9,20170815,71.483,-162.604,11.03,5.05,31.29,10,,,,,,
AMBON17-042,ML5.9,20170815,71.483,-162.604,4.27,5.03,31.29,11,0.3,1,0.57,1.94,2.83,-2.06
AMBON17-042,ML5.9,20170815,71.483,-162.604,4.25,5.03,31.29,12,,,,,,
AMBON17-043,ML3.14,20170815,72.121,-165.358,39.8,3.51,32.65,1,0.5,3.45,1.24,9,13.11,-1.08
AMBON17-043,ML3.14,20170815,72.121,-165.358,39.33,3.53,32.65,2,,,,,,
AMBON17-043,ML3.14,20170815,72.121,-165.357,29.62,3.52,32.63,3,2.66,2.36,1.03,5.62,5.39,
AMBON17-043,ML3.14,20170815,72.121,-165.357,29.56,3.54,32.64,4,,,,,,
AMBON17-043,ML3.14,20170815,72.121,-165.356,21.48,5.83,32.11,5,1.38,0.94,0.5,3,1.78,
AMBON17-043,ML3.14,20170815,72.121,-165.356,20.83,5.84,32.11,6,,,,,,
AMBON17-043,ML3.14,20170815,72.121,-165.356,9.75,5.82,32,7,1.12,1.02,0.38,2.49,1.78,
AMBON17-043,ML3.14,20170815,72.121,-165.356,10.57,5.82,32,8,,,,,,
AMBON17-043,ML3.14,20170815,72.122,-165.356,5.12,5.82,32,9,0.98,1.04,0.43,3.24,1.78,-1.56
AMBON17-043,ML3.14,20170815,72.122,-165.356,4.92,5.82,32,10,,,,,,
AMBON17-044,ML3.13,20170815,71.993,-164.951,35.49,2.85,32.68,1,0.63,3.96,1.38,12,16.86,-1.39
AMBON17-044,ML3.13,20170815,71.993,-164.951,35.13,2.84,32.68,2,,,,,,
AMBON17-044,ML3.13,20170815,71.993,-164.95,30.49,1.3,32.19,3,6.48,1.58,0.84,6.79,1.8,
AMBON17-044,ML3.13,20170815,71.993,-164.95,30.73,1.5,32.23,4,,,,,,
AMBON17-044,ML3.13,20170815,71.993,-164.949,19.94,5.59,31.8,5,0.89,0.91,0.45,5.35,1.78,
AMBON17-044,ML3.13,20170815,71.993,-164.949,19.97,5.59,31.8,6,,,,,,
AMBON17-044,ML3.13,20170815,71.993,-164.948,10.69,5.58,31.8,7,1.06,0.52,0.38,1.97,1.78,
AMBON17-044,ML3.13,20170815,71.993,-164.948,11.14,5.57,31.79,8,,,,,,
AMBON17-044,ML3.13,20170815,71.993,-164.947,4.51,5.57,31.79,9,,0.73,0.44,2.62,1.78,-1.69
AMBON17-044,ML3.13,20170815,71.993,-164.947,4.32,5.57,31.79,10,,,,,,
AMBON17-045,ML3.12,20170815,71.87,-164.555,36.19,1.82,32.64,1,2.1,4.27,1.73,11.5,20.56,-1.08
AMBON17-045,ML3.12,20170815,71.87,-164.555,35.78,1.82,32.64,2,,,,,,
AMBON17-045,ML3.12,20170815,71.87,-164.555,33.32,1.08,32.36,3,,,,,,
AMBON17-045,ML3.12,20170815,71.87,-164.555,32.71,0.5,32.23,4,,,,,,
AMBON17-045,ML3.12,20170815,71.87,-164.554,29.66,1.01,32.08,5,1.27,0.73,0.62,3.54,2.25,
AMBON17-045,ML3.12,20170815,71.87,-164.554,29.8,0.55,32.11,6,,,,,,
AMBON17-045,ML3.12,20170815,71.87,-164.553,19.5,5.51,31.86,7,0.58,0.59,0.6,4.33,2.41,
AMBON17-045,ML3.12,20170815,71.87,-164.553,19.48,5.51,31.86,8,,,,,,
AMBON17-045,ML3.12,20170815,71.87,-164.552,9.43,5.58,31.86,9,0.65,0.57,0.56,3.75,2.48,
AMBON17-045,ML3.12,20170815,71.87,-164.552,9.74,5.58,31.86,10,,,,,,
AMBON17-045,ML3.12,20170815,71.87,-164.552,4.31,5.59,31.86,11,0.75,0.87,0.56,2.66,5.36,-1.71
AMBON17-045,ML3.12,20170815,71.87,-164.552,4.58,5.59,31.86,12,,,,,,
AMBON17-046,ML3.11,20170815,71.744,-164.159,34.45,0.37,32.39,1,2.91,2.68,1.35,7.43,12.43,
AMBON17-046,ML3.11,20170815,71.744,-164.16,35.49,0.37,32.39,2,,,,,,
AMBON17-046,ML3.11,20170815,71.744,-164.16,31.81,0.37,32.39,3,2.52,2.5,1.28,3.6,10.93,
AMBON17-046,ML3.11,20170815,71.744,-164.16,31.24,0.37,32.38,4,,,,,,
AMBON17-046,ML3.11,20170815,71.744,-164.159,21.55,4.82,31.8,5,0.62,0.39,0.43,0.4,1.97,
AMBON17-046,ML3.11,20170815,71.744,-164.159,21.27,4.93,31.81,6,,,,,,
AMBON17-046,ML3.11,20170815,71.744,-164.159,8.33,5.21,31.57,7,0.41,0.61,0.55,0.61,2.2,
AMBON17-046,ML3.11,20170815,71.744,-164.159,9.04,5.19,31.56,8,,,,,,
AMBON17-046,ML3.11,20170815,71.744,-164.159,5.07,5.17,31.55,9,0.55,0.39,0.57,1.62,2.88,-1.89
AMBON17-046,ML3.11,20170815,71.744,-164.159,4.56,5.17,31.55,10,,,,,,
AMBON17-047,ML3.10=DBO4.6,20170816,71.617,-163.766,38.67,0.06,32.32,1,1.77,3.38,1.69,7.86,10.36,-1.3
AMBON17-047,ML3.10=DBO4.6,20170816,71.617,-163.766,38.29,0.06,32.32,2,,,,,,
AMBON17-047,ML3.10=DBO4.6,20170816,71.617,-163.766,32.61,0.18,32.25,3,7.88,1.34,1.21,3.28,4.27,
AMBON17-047,ML3.10=DBO4.6,20170816,71.617,-163.766,32.48,0.15,32.27,4,,,,,,
AMBON17-047,ML3.10=DBO4.6,20170816,71.617,-163.766,19.07,5.16,31.48,5,0.94,0.4,0.57,0.91,4.89,
AMBON17-047,ML3.10=DBO4.6,20170816,71.617,-163.766,19.08,5.14,31.49,6,,,,,,
AMBON17-047,ML3.10=DBO4.6,20170816,71.617,-163.766,9.77,5.18,31.48,7,0.32,0.43,0.59,0.84,3.31,
AMBON17-047,ML3.10=DBO4.6,20170816,71.617,-163.766,9.85,5.18,31.48,8,,,,,,
AMBON17-047,ML3.10=DBO4.6,20170816,71.617,-163.765,4.84,5.18,31.48,9,0.44,0.44,0.54,2.06,2.85,-1.86
AMBON17-047,ML3.10=DBO4.6,20170816,71.617,-163.765,4.59,5.18,31.48,10,,,,,,
AMBON17-049,ML3.9=DBO4.5,20170816,71.492,-163.384,38.43,0.1,32.24,1,0.96,3.26,1.61,5.84,9.38,-1.53
AMBON17-049,ML3.9=DBO4.5,20170816,71.492,-163.384,37.85,0.1,32.24,2,,,,,,
AMBON17-049,ML3.9=DBO4.5,20170816,71.492,-163.383,29.64,0.06,32.23,3,0.75,2.75,1.54,7.86,8.14,
AMBON17-049,ML3.9=DBO4.5,20170816,71.492,-163.383,30.23,0.06,32.23,4,,,,,,
AMBON17-049,ML3.9=DBO4.5,20170816,71.492,-163.383,26.8,0.14,32,5,,,,,,
AMBON17-049,ML3.9=DBO4.5,20170816,71.492,-163.383,24.87,0.89,31.93,6,,,,,,
AMBON17-049,ML3.9=DBO4.5,20170816,71.492,-163.383,23.57,2.79,31.79,7,,,,,,
AMBON17-049,ML3.9=DBO4.5,20170816,71.492,-163.383,20.6,4.35,31.56,8,,,,,,
AMBON17-049,ML3.9=DBO4.5,20170816,71.492,-163.382,19.01,5.25,31.35,9,0.78,0.51,0.62,2.33,18.85,
AMBON17-049,ML3.9=DBO4.5,20170816,71.492,-163.381,10.93,5.36,31.31,10,0.27,0.38,0.68,3.58,4.28,
AMBON17-049,ML3.9=DBO4.5,20170816,71.492,-163.381,10.92,5.36,31.31,11,,,,,,
AMBON17-049,ML3.9=DBO4.5,20170816,71.492,-163.38,5.21,5.29,31.25,12,0.26,0.42,0.68,0.83,4.4,-2.11
AMBON17-049,ML3.9=DBO4.5,20170816,71.492,-163.38,4.78,5.29,31.25,13,,,,,,
AMBON17-051,ML3.8=DBO4.4,20170816,71.362,-163.003,40.85,0.57,32.25,1,0.84,2.6,1.5,6.23,14.16,-1.42
AMBON17-051,ML3.8=DBO4.4,20170816,71.362,-163.003,30.62,0.57,32.25,2,,,,,,
AMBON17-051,ML3.8=DBO4.4,20170816,71.362,-163.003,31.59,0.57,32.25,3,0.98,3.25,1.36,4.67,14.93,
AMBON17-051,ML3.8=DBO4.4,20170816,71.362,-163.002,20.29,5.15,31.19,4,0.27,0.38,0.63,3.6,4.46,
AMBON17-051,ML3.8=DBO4.4,20170816,71.362,-163.002,9.67,5.14,31.19,5,0.27,0.41,0.62,0.57,7.56,
AMBON17-051,ML3.8=DBO4.4,20170816,71.362,-163.001,4.38,5.14,31.19,6,0.28,0.39,0.62,2.54,3.96,-2.15
AMBON17-053,ML3.7=DBO4.3,20170816,71.234,-162.629,43.09,0.51,32.26,1,1.35,3.06,1.52,12.71,12.13,-1.38
AMBON17-053,ML3.7=DBO4.3,20170816,71.234,-162.629,42.31,0.51,32.26,2,,,,,,
AMBON17-053,ML3.7=DBO4.3,20170816,71.234,-162.628,29.1,0.51,32.26,3,3.06,2.89,1.48,6.26,13.74,
AMBON17-053,ML3.7=DBO4.3,20170816,71.234,-162.628,29.68,0.51,32.26,4,,,,,,
AMBON17-053,ML3.7=DBO4.3,20170816,71.234,-162.627,21.06,5.34,31.26,5,0.25,0.41,0.72,1.06,5.23,
AMBON17-053,ML3.7=DBO4.3,20170816,71.234,-162.627,21.65,5.34,31.26,6,,,,,,
AMBON17-053,ML3.7=DBO4.3,20170816,71.235,-162.627,9.64,5.22,31.2,7,0.22,0.39,0.65,2.28,3.66,
AMBON17-053,ML3.7=DBO4.3,20170816,71.235,-162.627,9.7,5.22,31.2,8,,,,,,
AMBON17-053,ML3.7=DBO4.3,20170816,71.235,-162.627,4.71,5.22,31.19,9,0.26,0.34,0.67,0.77,3.7,-2.15
AMBON17-053,ML3.7=DBO4.3,20170816,71.235,-162.627,4.59,5.22,31.19,10,,,,,,
AMBON17-055,ML3.6=DBO4.2,20170816,71.104,-162.253,43.07,0.53,32.09,1,0.74,1.57,1.09,2.94,13.29,-1.85
AMBON17-055,ML3.6=DBO4.2,20170816,71.104,-162.253,43.77,0.53,32.09,2,,,,,,
AMBON17-055,ML3.6=DBO4.2,20170816,71.105,-162.252,31.32,0.32,32.04,3,0.59,2.42,1.44,6.29,18.45,
AMBON17-055,ML3.6=DBO4.2,20170816,71.105,-162.252,30.52,0.33,32.03,4,,,,,,
AMBON17-055,ML3.6=DBO4.2,20170816,71.105,-162.252,26.28,0.22,32,5,,,,,,
AMBON17-055,ML3.6=DBO4.2,20170816,71.105,-162.252,26.28,0.21,32.01,6,,,,,,
AMBON17-055,ML3.6=DBO4.2,20170816,71.105,-162.252,26.84,0.22,32.01,7,,,,,,
AMBON17-055,ML3.6=DBO4.2,20170816,71.105,-162.252,20.05,5.95,31.67,8,,,,,,
AMBON17-055,ML3.6=DBO4.2,20170816,71.105,-162.252,20.47,5.85,31.66,9,0.63,0.51,0.7,1.1,3.97,
AMBON17-055,ML3.6=DBO4.2,20170816,71.105,-162.251,10.96,7.57,31.05,10,,,,,,
AMBON17-055,ML3.6=DBO4.2,20170816,71.105,-162.251,9.81,7.58,31.04,11,1.15,0.27,0.58,3.49,5.53,
AMBON17-055,ML3.6=DBO4.2,20170816,71.105,-162.251,4.38,7.83,30.94,12,,,,,,
AMBON17-055,ML3.6=DBO4.2,20170816,71.105,-162.251,3.85,7.83,30.94,13,1.36,0.59,0.62,9.36,7.12,-2.09
AMBON17-057,ML3.5=DBO4.1,20170816,70.972,-161.901,42.47,2.46,32.13,1,0.49,2.47,1.29,10.64,15.17,-1.55
AMBON17-057,ML3.5=DBO4.1,20170816,70.972,-161.901,42.38,2.46,32.13,2,,,,,,
AMBON17-057,ML3.5=DBO4.1,20170816,70.973,-161.901,29.18,2.46,32.13,3,0.56,2.51,1.3,13.71,14.74,
AMBON17-057,ML3.5=DBO4.1,20170816,70.973,-161.901,30.52,2.46,32.13,4,,,,,,
AMBON17-057,ML3.5=DBO4.1,20170816,70.973,-161.901,20.04,2.55,32.13,5,0.64,2.75,1.28,5.92,14.8,
AMBON17-057,ML3.5=DBO4.1,20170816,70.973,-161.901,20.38,2.55,32.13,6,,,,,,
AMBON17-057,ML3.5=DBO4.1,20170816,70.973,-161.9,15.97,7.1,31.28,7,,,,,,
AMBON17-057,ML3.5=DBO4.1,20170816,70.973,-161.9,16,6.73,31.39,8,,,,,,
AMBON17-057,ML3.5=DBO4.1,20170816,70.973,-161.9,10.17,8.56,30.68,9,2.84,0.39,0.6,2.4,7.37,
AMBON17-057,ML3.5=DBO4.1,20170816,70.973,-161.9,9.7,8.56,30.7,10,,,,,,
AMBON17-057,ML3.5=DBO4.1,20170816,70.973,-161.9,4.36,8.59,30.7,11,2.36,0.75,0.61,1.98,7.43,-2.11
AMBON17-057,ML3.5=DBO4.1,20170816,70.973,-161.9,4.04,8.59,30.7,12,,,,,,
AMBON17-059,ML3.4=DBO4.0,20170816,70.844,-161.538,42.7,2.79,32.26,1,1.13,2.65,1.34,2.94,14.93,-1.35
AMBON17-059,ML3.4=DBO4.0,20170816,70.844,-161.538,43.63,2.79,32.26,2,,,,,,
AMBON17-059,ML3.4=DBO4.0,20170816,70.844,-161.538,30.3,2.78,32.26,3,0.95,2.81,1.3,6.82,15.33,
AMBON17-059,ML3.4=DBO4.0,20170816,70.844,-161.538,30.3,2.78,32.26,4,,,,,,
AMBON17-059,ML3.4=DBO4.0,20170816,70.844,-161.538,19.57,2.79,32.26,5,0.88,2.92,1.38,3.39,15.18,
AMBON17-059,ML3.4=DBO4.0,20170816,70.844,-161.538,19.5,2.79,32.26,6,,,,,,
AMBON17-059,ML3.4=DBO4.0,20170816,70.844,-161.538,8.98,2.85,32.26,7,0.61,2.9,1.36,3.1,15.14,
AMBON17-059,ML3.4=DBO4.0,20170816,70.844,-161.538,8.96,2.85,32.26,8,,,,,,
AMBON17-059,ML3.4=DBO4.0,20170816,70.844,-161.537,4.89,2.98,32.26,9,0.63,2.84,1.36,4.93,15.94,-1.38
AMBON17-059,ML3.4=DBO4.0,20170816,70.844,-161.537,5.01,2.97,32.26,10,,,,,,
AMBON17-060,ML3.3,20170817,70.714,-161.179,40.24,3.01,32.27,1,1.42,2.93,1.33,2.82,14.26,-1.38
AMBON17-060,ML3.3,20170817,70.714,-161.179,40.31,3.01,32.27,2,,,,,,
AMBON17-060,ML3.3,20170817,70.714,-161.179,29.07,3.03,32.27,3,0.78,2.93,1.31,3.06,14.26,
AMBON17-060,ML3.3,20170817,70.714,-161.179,28.79,3.04,32.27,4,,,,,,
AMBON17-060,ML3.3,20170817,70.714,-161.179,20.59,3.14,32.26,5,0.53,2.66,1.29,2.94,13.16,
AMBON17-060,ML3.3,20170817,70.714,-161.179,20.06,3.15,32.26,6,,,,,,
AMBON17-060,ML3.3,20170817,70.714,-161.179,9.96,3.39,32.24,7,0.71,2.61,1.27,2.45,13.12,
AMBON17-060,ML3.3,20170817,70.714,-161.179,9.96,3.39,32.24,8,,,,,,
AMBON17-060,ML3.3,20170817,70.714,-161.178,4.72,3.53,32.23,9,1.36,2.49,1.56,2.36,12.91,-1.37
AMBON17-060,ML3.3,20170817,70.714,-161.178,4.73,3.53,32.23,10,,,,,,
AMBON17-061,ML3.2,20170817,70.578,-160.833,26.15,5.23,32.1,1,0.9,1.73,0.97,2.94,10.39,-1.33
AMBON17-061,ML3.2,20170817,70.578,-160.833,25.86,5.23,32.1,2,,,,,,
AMBON17-061,ML3.2,20170817,70.578,-160.833,20.65,5.23,32.1,3,0.9,1.69,0.92,1.71,9.7,
AMBON17-061,ML3.2,20170817,70.578,-160.833,21.12,5.24,32.1,4,,,,,,
AMBON17-061,ML3.2,20170817,70.578,-160.833,10.37,5.26,32.09,5,0.92,1.65,0.96,3.35,9.49,
AMBON17-061,ML3.2,20170817,70.578,-160.833,10.32,5.26,32.09,6,,,,,,
AMBON17-061,ML3.2,20170817,70.578,-160.833,4.83,6.58,31.67,7,1.11,0.94,0.73,0.85,7.67,-1.53
AMBON17-061,ML3.2,20170817,70.578,-160.833,4.45,6.57,31.67,8,,,,,,
AMBON17-062,ML3.1,20170817,70.496,-160.621,14.89,8.53,30.86,1,3.37,0.48,0.62,0.78,9.1,-1.92
AMBON17-062,ML3.1,20170817,70.496,-160.621,14.67,8.53,30.86,2,,,,,,
AMBON17-062,ML3.1,20170817,70.496,-160.622,11.08,8.54,30.85,3,2.98,0.52,0.63,0.51,10.51,
AMBON17-062,ML3.1,20170817,70.496,-160.622,10.9,8.54,30.85,4,,,,,,
AMBON17-062,ML3.1,20170817,70.496,-160.621,4.29,8.54,30.85,5,3.01,0.55,0.58,0.78,6.24,-1.98
AMBON17-062,ML3.1,20170817,70.496,-160.621,4.73,8.54,30.85,6,,,,,,
AMBON17-063,ML1.1,20170817,70.037,-162.765,12.32,9.15,30.07,1,3.28,0.65,0.73,16,9.06,-2.42
AMBON17-063,ML1.1,20170817,70.037,-162.765,12.35,9.15,30.07,2,,,,,,
AMBON17-063,ML1.1,20170817,70.038,-162.764,6.54,9.2,29.94,3,3.56,0.66,0.8,8.86,9.27,-2.44
AMBON17-063,ML1.1,20170817,70.038,-162.764,6.45,9.2,29.95,4,,,,,,
AMBON17-064,ML1.2,20170817,70.142,-163.051,20.12,6.46,31.11,1,2.18,2.04,0.91,3.39,13.86,-1.92
AMBON17-064,ML1.2,20170817,70.142,-163.051,20.34,6.46,31.11,2,,,,,,
AMBON17-064,ML1.2,20170817,70.143,-163.05,10.43,6.51,31.11,3,2.03,2.83,0.93,8.29,20.86,
AMBON17-064,ML1.2,20170817,70.143,-163.05,10.28,6.52,31.11,4,,,,,,
AMBON17-064,ML1.2,20170817,70.143,-163.049,4.56,6.54,31.12,5,1.9,2.51,0.85,6.67,13.69,-1.94
AMBON17-064,ML1.2,20170817,70.143,-163.049,4.72,6.54,31.12,6,,,,,,
AMBON17-065,ML1.3,20170817,70.267,-163.408,29.31,6.13,31.73,1,,,,,,
AMBON17-065,ML1.3,20170817,70.267,-163.408,28.65,6.13,31.72,2,0.85,1.69,0.92,6.14,12.34,-1.5
AMBON17-065,ML1.3,20170817,70.267,-163.407,19.84,6.14,31.72,3,0.98,1.42,0.91,3.22,15.03,
AMBON17-065,ML1.3,20170817,70.267,-163.407,19.52,6.14,31.71,4,,,,,,
AMBON17-065,ML1.3,20170817,70.267,-163.408,10.22,6.92,31.44,5,3.64,0.23,0.57,1.72,7.46,
AMBON17-065,ML1.3,20170817,70.267,-163.408,9.99,6.94,31.42,6,,,,,,
AMBON17-065,ML1.3,20170817,70.267,-163.407,4.94,8.01,31.07,7,1.67,0.87,0.49,4.21,5.22,-1.92
AMBON17-065,ML1.3,20170817,70.267,-163.407,4.99,8.02,31.07,8,,,,,,
AMBON17-066,ML1.4,20170817,70.398,-163.765,34.06,5.01,32.09,1,0.58,2.43,1.08,2.02,14.66,-1.39
AMBON17-066,ML1.4,20170817,70.398,-163.765,33.77,5.01,32.09,2,,,,,,
AMBON17-066,ML1.4,20170817,70.398,-163.765,20.74,5.88,32.04,3,2.25,0.24,0.59,0.45,4.99,
AMBON17-066,ML1.4,20170817,70.398,-163.765,20.77,5.84,32.05,4,,,,,,
AMBON17-066,ML1.4,20170817,70.398,-163.765,9.8,7.86,31.44,5,1.68,0.23,0.38,0.42,2.94,
AMBON17-066,ML1.4,20170817,70.398,-163.764,9.4,7.88,31.43,6,,,,,,
AMBON17-066,ML1.4,20170817,70.398,-163.764,4.79,7.96,31.37,7,1.38,0.22,0.4,0.44,3.01,-1.71
AMBON17-066,ML1.4,20170817,70.398,-163.764,4.6,7.96,31.37,8,,,,,,
AMBON17-067,ML1.5,20170818,70.524,-164.126,41.73,3.96,32.4,1,0.52,2.99,1.3,1.97,13.44,-1.16
AMBON17-067,ML1.5,20170818,70.524,-164.125,42.03,3.96,32.4,2,,,,,,
AMBON17-067,ML1.5,20170818,70.524,-164.126,29.33,3.95,32.39,3,0.56,2.84,1.25,2.66,15.59,
AMBON17-067,ML1.5,20170818,70.524,-164.126,29.51,3.95,32.39,4,,,,,,
AMBON17-067,ML1.5,20170818,70.524,-164.127,21.17,6.17,32.08,5,1.54,0.9,0.66,0.83,4.36,
AMBON17-067,ML1.5,20170818,70.524,-164.127,21.29,6.14,32.08,6,,,,,,
AMBON17-067,ML1.5,20170818,70.524,-164.127,9.94,8.03,31.36,7,1.17,0.17,0.41,1.11,2.98,
AMBON17-067,ML1.5,20170818,70.524,-164.127,10.11,8.02,31.36,8,,,,,,
AMBON17-067,ML1.5,20170818,70.524,-164.127,5.39,8.05,31.3,9,1.16,0.41,0.39,1.27,2.92,-1.82
AMBON17-067,ML1.5,20170818,70.525,-164.127,5.34,8.05,31.3,10,,,,,,
AMBON17-068,ML1.6,20170818,70.647,-164.501,44.48,4.24,32.64,1,0.59,2.82,1.3,4.3,13.32,-1.04
AMBON17-068,ML1.6,20170818,70.647,-164.501,43.95,4.24,32.64,2,,,,,,
AMBON17-068,ML1.6,20170818,70.647,-164.502,30.42,4.26,32.63,3,1.06,1.77,1.08,2.25,10.17,
AMBON17-068,ML1.6,20170818,70.647,-164.502,30.22,4.28,32.63,4,,,,,,
AMBON17-068,ML1.6,20170818,70.647,-164.502,19.67,7.04,32.17,5,1.09,0.42,0.39,3.06,1.78,
AMBON17-068,ML1.6,20170818,70.647,-164.502,19.83,7.04,32.17,6,,,,,,
AMBON17-068,ML1.6,20170818,70.647,-164.502,10.49,7.44,31.85,7,1.08,1.12,0.39,1.19,1.78,
AMBON17-068,ML1.6,20170818,70.647,-164.502,10.24,7.44,31.86,8,,,,,,
AMBON17-068,ML1.6,20170818,70.647,-164.502,3.71,7.44,31.83,9,1.07,0.39,0.53,1.2,1.81,
AMBON17-068,ML1.6,20170818,70.647,-164.502,4.32,7.44,31.83,10,,,,,,
AMBON17-069,ML1.7,20170818,70.772,-164.883,37.41,4.21,32.61,1,0.7,2.25,1.23,3.62,13.7,-1.1
AMBON17-069,ML1.7,20170818,70.772,-164.883,37.34,4.21,32.61,2,,,,,,
AMBON17-069,ML1.7,20170818,70.771,-164.883,30.53,4.08,32.43,3,0.88,3.22,1.28,6.86,12.27,
AMBON17-069,ML1.7,20170818,70.771,-164.883,29.57,4.07,32.43,4,,,,,,
AMBON17-069,ML1.7,20170818,70.771,-164.883,19.87,7.11,32.17,5,1.19,1.75,0.45,2.86,1.78,
AMBON17-069,ML1.7,20170818,70.771,-164.883,19.5,7.11,32.17,6,,,,,,
AMBON17-069,ML1.7,20170818,70.771,-164.883,10.57,7.22,32.14,7,1.01,0.14,0.37,0.54,1.83,
AMBON17-069,ML1.7,20170818,70.771,-164.883,10.34,7.22,32.14,8,,,,,,
AMBON17-069,ML1.7,20170818,70.771,-164.883,4.99,7.17,32.09,9,1.12,1.33,0.4,3.56,1.78,-1.31
AMBON17-069,ML1.7,20170818,70.771,-164.883,4.72,7.17,32.09,10,,,,,,
AMBON17-070,ML1.8,20170818,70.897,-165.252,38.7,3.69,32.44,1,0.92,4.53,1.47,9,16.51,-1.17
AMBON17-070,ML1.8,20170818,70.897,-165.252,38.55,3.69,32.44,2,,,,,,
AMBON17-070,ML1.8,20170818,70.897,-165.252,28.82,4.01,32.4,3,1.83,2.45,0.94,3.51,5.43,
AMBON17-070,ML1.8,20170818,70.897,-165.252,28.6,4.53,32.33,4,,,,,,
AMBON17-070,ML1.8,20170818,70.897,-165.253,19.64,7.08,31.95,5,1.13,1.3,0.42,4.09,1.78,
AMBON17-070,ML1.8,20170818,70.897,-165.253,19.12,7.08,31.95,6,,,,,,
AMBON17-070,ML1.8,20170818,70.897,-165.253,9.98,7.12,31.94,7,1.24,1.68,0.43,1.93,1.78,
AMBON17-070,ML1.8,20170818,70.897,-165.253,9.42,7.12,31.94,8,,,,,,
AMBON17-070,ML1.8,20170818,70.897,-165.253,4.72,7.12,31.94,9,1.48,1.61,0.41,3.66,1.78,-1.3
AMBON17-070,ML1.8,20170818,70.897,-165.253,4.34,7.12,31.94,10,,,,,,
AMBON17-071,ML1.9,20170818,71.02,-165.643,40.14,3.85,32.58,1,0.71,4.34,1.34,15.71,14.21,-1
AMBON17-071,ML1.9,20170818,71.02,-165.643,39.56,3.85,32.58,2,,,,,,
AMBON17-071,ML1.9,20170818,71.02,-165.643,30.71,3.85,32.57,3,0.67,5.18,1.48,3.92,13.33,
AMBON17-071,ML1.9,20170818,71.02,-165.643,30.33,3.85,32.57,4,,,,,,
AMBON17-071,ML1.9,20170818,71.02,-165.644,21.89,7.22,32.01,5,1.3,4.63,1.35,4.84,13.31,
AMBON17-071,ML1.9,20170818,71.02,-165.644,21.22,7.2,32,6,,,,,,
AMBON17-071,ML1.9,20170818,71.02,-165.645,9.95,7.17,31.99,7,1.54,2.17,0.44,2.38,1.78,
AMBON17-071,ML1.9,20170818,71.02,-165.645,10.08,7.17,31.99,8,,,,,,
AMBON17-071,ML1.9,20170818,71.02,-165.645,6.31,7.17,31.99,9,1.56,0.98,0.35,3.16,2.77,-1.18
AMBON17-071,ML1.9,20170818,71.02,-165.645,6.05,7.17,31.99,10,,,,,,
AMBON17-072,ML1.10,20170818,71.142,-166.033,39.09,3.82,32.59,1,0.54,5.72,1.6,9.79,15.78,-0.9
AMBON17-072,ML1.10,20170818,71.142,-166.033,39.22,3.82,32.59,2,,,,,,
AMBON17-072,ML1.10,20170818,71.142,-166.034,29.76,3.89,32.52,3,1.09,3.08,1.3,3.72,8.89,
AMBON17-072,ML1.10,20170818,71.142,-166.034,29.48,3.83,32.49,4,,,,,,
AMBON17-072,ML1.10,20170818,71.141,-166.034,20.18,6.74,32.15,5,1.57,0.69,0.42,2.08,1.78,
AMBON17-072,ML1.10,20170818,71.141,-166.034,19.93,6.76,32.14,6,,,,,,
AMBON17-072,ML1.10,20170818,71.141,-166.034,10.87,6.97,32.09,7,1.43,1.16,0.43,2.39,1.78,
AMBON17-072,ML1.10,20170818,71.141,-166.034,11.13,6.97,32.09,8,,,,,,
AMBON17-072,ML1.10,20170818,71.141,-166.035,4.67,6.97,32.09,9,1.51,1.3,0.42,1.27,1.78,-1.3
AMBON17-072,ML1.10,20170818,71.141,-166.035,4.78,6.97,32.09,10,,,,,,
AMBON17-073,ML1.11,20170818,71.266,-166.42,42.27,4.2,32.59,1,0.6,3.3,1.46,8.21,16.91,-0.96
AMBON17-073,ML1.11,20170818,71.266,-166.42,42.12,4.2,32.59,2,,,,,,
AMBON17-073,ML1.11,20170818,71.267,-166.421,30.26,4.42,32.52,3,0.95,2.73,1.18,2.55,11.72,
AMBON17-073,ML1.11,20170818,71.267,-166.421,30.33,4.42,32.52,4,,,,,,
AMBON17-073,ML1.11,20170818,71.267,-166.421,19.93,6.85,32.22,5,2.13,1.87,0.38,2.41,1.78,
AMBON17-073,ML1.11,20170818,71.267,-166.421,19.56,6.85,32.22,6,,,,,,
AMBON17-073,ML1.11,20170818,71.266,-166.421,9.56,6.86,32.22,7,1.95,0.56,0.38,1.09,1.78,
AMBON17-073,ML1.11,20170818,71.266,-166.421,9.61,6.86,32.22,8,,,,,,
AMBON17-073,ML1.11,20170818,71.266,-166.421,4.79,6.86,32.22,9,2.1,0.33,0.38,0.55,1.78,-1.2
AMBON17-073,ML1.11,20170818,71.266,-166.421,4.62,6.86,32.22,10,,,,,,
AMBON17-074,ML1.12,20170819,71.386,-166.82,44.05,4.04,32.66,1,0.7,4.04,1.57,3.76,14.24,-0.9
AMBON17-074,ML1.12,20170819,71.386,-166.82,44.07,4.04,32.66,2,,,,,,
AMBON17-074,ML1.12,20170819,71.386,-166.82,29.31,4.31,32.63,3,2.17,1.95,1.37,2.32,8.21,
AMBON17-074,ML1.12,20170819,71.386,-166.82,29.2,4.34,32.62,4,,,,,,
AMBON17-074,ML1.12,20170819,71.386,-166.82,19.23,6.82,32.19,5,1.3,0.24,0.34,0.15,1.78,
AMBON17-074,ML1.12,20170819,71.386,-166.82,19.34,6.82,32.19,6,,,,,,
AMBON17-074,ML1.12,20170819,71.386,-166.82,9.31,6.81,32.19,7,1.16,0.29,0.35,0.11,1.78,
AMBON17-074,ML1.12,20170819,71.386,-166.82,9.6,6.82,32.19,8,,,,,,
AMBON17-074,ML1.12,20170819,71.386,-166.82,5.51,6.82,32.2,9,1.22,0.25,0.34,0.16,1.78,-1.13
AMBON17-074,ML1.12,20170819,71.386,-166.82,5.78,6.82,32.2,10,,,,,,
AMBON17-075,ML1.13,20170819,71.507,-167.219,46.08,3.04,32.67,1,0.84,3.71,1.57,6.51,13.78,-0.86
AMBON17-075,ML1.13,20170819,71.507,-167.219,46.22,3.04,32.67,2,,,,,,
AMBON17-075,ML1.13,20170819,71.507,-167.219,40.3,3.04,32.67,3,0.78,3.64,1.58,6.14,15.96,
AMBON17-075,ML1.13,20170819,71.507,-167.219,39.53,3.04,32.67,4,,,,,,
AMBON17-075,ML1.13,20170819,71.507,-167.219,29.82,3.23,32.68,5,0.98,3.63,1.64,6.44,12.25,
AMBON17-075,ML1.13,20170819,71.507,-167.219,30.02,3.2,32.68,6,,,,,,
AMBON17-075,ML1.13,20170819,71.508,-167.219,26.93,3.33,32.67,7,,,,,,
AMBON17-075,ML1.13,20170819,71.508,-167.219,26.72,3.09,32.59,8,,,,,,
AMBON17-075,ML1.13,20170819,71.508,-167.219,20.39,6.4,32.03,9,0.66,0.36,0.35,0.55,1.78,
AMBON17-075,ML1.13,20170819,71.508,-167.219,20.52,6.42,32.03,10,,,,,,
AMBON17-075,ML1.13,20170819,71.507,-167.219,10.12,6.58,32.03,11,0.62,0.18,0.3,0.82,1.78,
AMBON17-075,ML1.13,20170819,71.507,-167.219,10.28,6.58,32.03,12,,,,,,
AMBON17-075,ML1.13,20170819,71.507,-167.219,4.78,6.58,32.03,13,0.64,0.47,0.29,0.51,1.78,-1.22
AMBON17-075,ML1.13,20170819,71.507,-167.219,5.1,6.58,32.03,14,,,,,,
AMBON17-075,ML1.13,20170819,71.507,-167.219,5.04,6.58,32.03,15,,,,,,
AMBON17-076,ML5.7,20170819,71.241,-163.405,40.76,1.33,32.45,1,0.75,4.59,1.56,3.76,17.45,-1.02
AMBON17-076,ML5.7,20170819,71.241,-163.405,40.24,1.33,32.45,2,,,,,,
AMBON17-076,ML5.7,20170819,71.241,-163.405,32.09,1.52,32.4,3,,,,,,
AMBON17-076,ML5.7,20170819,71.241,-163.405,32.17,1.54,32.37,4,,,,,,
AMBON17-076,ML5.7,20170819,71.241,-163.405,30.03,4.41,31.9,5,0.98,0.38,0.54,1.2,2.92,
AMBON17-076,ML5.7,20170819,71.241,-163.405,29.67,4.95,31.85,6,,,,,,
AMBON17-076,ML5.7,20170819,71.241,-163.406,19.22,5.92,31.72,7,0.51,0.38,0.55,0.23,3.1,
AMBON17-076,ML5.7,20170819,71.241,-163.406,19.31,5.92,31.72,8,,,,,,
AMBON17-076,ML5.7,20170819,71.241,-163.406,10.11,5.94,31.71,9,0.4,0.32,0.57,0.26,3.3,
AMBON17-076,ML5.7,20170819,71.241,-163.406,10.37,5.94,31.71,10,,,,,,
AMBON17-076,ML5.7,20170819,71.241,-163.406,4.73,6,31.7,11,0.16,0.27,0.64,0.66,3.3,-1.7
AMBON17-076,ML5.7,20170819,71.241,-163.406,4.94,6,31.7,12,,,,,,
AMBON17-077,ML5.6,20170819,71.118,-163.804,40.74,1.35,32.49,1,1.56,4.34,1.54,4.06,9.6,-1.03
AMBON17-077,ML5.6,20170819,71.118,-163.804,40.5,1.35,32.49,2,,,,,,
AMBON17-077,ML5.6,20170819,71.118,-163.804,32.47,1.28,32.47,3,,,,,,
AMBON17-077,ML5.6,20170819,71.118,-163.804,31.32,1.22,32.46,4,,,,,,
AMBON17-077,ML5.6,20170819,71.118,-163.804,30.95,1.15,32.44,5,1.68,3.12,1.34,3.56,7.71,
AMBON17-077,ML5.6,20170819,71.118,-163.804,19.56,5.38,31.75,6,,,,,,
AMBON17-077,ML5.6,20170819,71.118,-163.804,20.11,5.5,31.77,7,0.47,1.53,0.64,0.22,2.13,
AMBON17-077,ML5.6,20170819,71.118,-163.804,10.4,5.78,31.71,8,,,,,,
AMBON17-077,ML5.6,20170819,71.118,-163.804,9.82,5.78,31.71,9,0.35,0.56,0.65,0.12,4.26,
AMBON17-077,ML5.6,20170819,71.118,-163.804,4.68,5.86,31.7,10,,,,,,
AMBON17-077,ML5.6,20170819,71.118,-163.804,4.27,5.87,31.7,11,0.27,0.92,0.79,0.66,2.28,-1.88
AMBON17-078,ML5.5,20170819,71.147,-164.486,40.22,4.09,32.62,1,0.92,3.55,1.31,2.25,13.08,-1.29
AMBON17-078,ML5.5,20170819,71.147,-164.486,40.63,4.09,32.62,2,,,,,,
AMBON17-078,ML5.5,20170819,71.147,-164.486,29.78,4.52,32.53,3,1.94,1.51,0.95,1.44,7,
AMBON17-078,ML5.5,20170819,71.147,-164.486,29.27,4.5,32.54,4,,,,,,
AMBON17-078,ML5.5,20170819,71.147,-164.486,19.84,5.98,31.92,5,0.76,0.2,0.49,0.13,1.78,
AMBON17-078,ML5.5,20170819,71.147,-164.486,20.09,5.98,31.92,6,,,,,,
AMBON17-078,ML5.5,20170819,71.147,-164.486,9.49,6.13,31.93,7,0.52,0.29,0.47,0.41,1.82,
AMBON17-078,ML5.5,20170819,71.147,-164.486,9.36,6.13,31.93,8,,,,,,
AMBON17-078,ML5.5,20170819,71.147,-164.486,3.69,6.13,31.93,9,0.68,0.16,0.46,0.27,1.78,-1.7
AMBON17-078,ML5.5,20170819,71.147,-164.486,3.58,6.14,31.93,10,,,,,,
AMBON17-079,ML5.4,20170820,71.022,-164.877,33.61,3.87,32.38,1,0.84,2.27,1.26,1.6,14.97,-1.3
AMBON17-079,ML5.4,20170820,71.022,-164.877,33.68,3.86,32.38,2,,,,,,
AMBON17-079,ML5.4,20170820,71.023,-164.877,30.64,3.94,32.37,3,0.93,2.12,1.14,1.38,11.77,
AMBON17-079,ML5.4,20170820,71.023,-164.877,30.38,3.97,32.37,4,,,,,,
AMBON17-079,ML5.4,20170820,71.023,-164.877,20.12,7.07,31.95,5,1.44,0.25,0.43,0.11,1.78,
AMBON17-079,ML5.4,20170820,71.023,-164.877,20.05,7.07,31.96,6,,,,,,
AMBON17-079,ML5.4,20170820,71.023,-164.877,10.04,7.14,31.95,7,1.29,0.28,0.39,0.14,1.78,
AMBON17-079,ML5.4,20170820,71.023,-164.877,10.05,7.14,31.95,8,,,,,,
AMBON17-079,ML5.4,20170820,71.023,-164.877,5.26,7.15,31.95,9,0.6,0.29,0.37,0.09,1.78,-1.36
AMBON17-079,ML5.4,20170820,71.023,-164.877,5.29,7.15,31.95,10,,,,,,
AMBON17-081,ML5.2,20170820,70.772,-165.627,39,4,32.46,1,0.46,3.63,1.39,2.8,16.31,-1.12
AMBON17-081,ML5.2,20170820,70.772,-165.627,38.81,4.01,32.39,2,,,,,,
AMBON17-081,ML5.2,20170820,70.772,-165.627,29.02,5.41,32.13,3,1.12,1.09,0.9,0.62,8.97,
AMBON17-081,ML5.2,20170820,70.772,-165.627,29.42,5.46,32.13,4,,,,,,
AMBON17-081,ML5.2,20170820,70.772,-165.627,20.03,7.11,31.86,5,1.22,0.26,0.48,0.2,2.15,
AMBON17-081,ML5.2,20170820,70.772,-165.627,20.07,7.11,31.86,6,,,,,,
AMBON17-081,ML5.2,20170820,70.772,-165.627,10.59,7.25,31.82,7,1.15,0.2,0.45,0.09,2.04,
AMBON17-081,ML5.2,20170820,70.772,-165.627,10.44,7.25,31.82,8,,,,,,
AMBON17-081,ML5.2,20170820,70.772,-165.627,4.53,7.28,31.8,9,1.28,0.21,0.44,0.14,6.05,-1.41
AMBON17-081,ML5.2,20170820,70.772,-165.627,4.65,7.28,31.8,10,,,,,,
AMBON17-082,ML5.1,20170820,70.648,-165.995,39.64,4.39,32.19,1,0.4,3.64,1.37,1.77,18.97,-1.18
AMBON17-082,ML5.1,20170820,70.648,-165.995,39.45,4.39,32.19,2,,,,,,
AMBON17-082,ML5.1,20170820,70.648,-165.995,30.81,5.18,32.11,3,0.49,3.12,1.05,1.14,11.87,
AMBON17-082,ML5.1,20170820,70.648,-165.995,30.7,5.1,32.11,4,,,,,,
AMBON17-082,ML5.1,20170820,70.648,-165.995,20.14,7.67,31.83,5,1.36,0.25,0.47,0.63,1.78,
AMBON17-082,ML5.1,20170820,70.648,-165.995,20.18,7.67,31.83,6,,,,,,
AMBON17-082,ML5.1,20170820,70.648,-165.995,10.86,7.73,31.78,7,1.32,0.57,0.46,0.24,1.78,
AMBON17-082,ML5.1,20170820,70.648,-165.995,10.79,7.73,31.78,8,,,,,,
AMBON17-082,ML5.1,20170820,70.648,-165.995,4.11,7.73,31.79,9,1.5,0.61,0.47,0.14,1.78,-1.5
AMBON17-082,ML5.1,20170820,70.648,-165.995,4.19,7.73,31.79,10,,,,,,
AMBON17-083,BBL1,20170820,69.344,-163.509,13.3,8.92,30.09,1,1.9,0.21,0.66,0.19,8.94,
AMBON17-083,BBL1,20170820,69.344,-163.509,13.2,9.14,30.04,2,,,,,,
AMBON17-083,BBL1,20170820,69.344,-163.509,10.03,9.29,30.03,3,1.39,0.16,0.67,0.18,7.8,
AMBON17-083,BBL1,20170820,69.344,-163.509,10.24,9.29,30.03,4,,,,,,
AMBON17-083,BBL1,20170820,69.344,-163.51,5.02,9.86,29.81,5,0.94,0.41,0.62,0.46,10.56,
AMBON17-083,BBL1,20170820,69.344,-163.51,4.98,9.86,29.81,6,,,,,,
AMBON17-084,BBL2,20170821,69.45,-163.921,20.84,7.77,30.52,1,3.57,0.49,0.8,0.62,14.87,
AMBON17-084,BBL2,20170821,69.45,-163.921,20.96,7.77,30.52,2,,,,,,
AMBON17-084,BBL2,20170821,69.45,-163.921,15.87,7.77,30.52,3,,,,,,
AMBON17-084,BBL2,20170821,69.45,-163.921,15.82,7.78,30.52,4,,,,,,
AMBON17-084,BBL2,20170821,69.45,-163.921,9.84,8.08,30.41,5,3.87,0.19,0.71,0.2,12.31,
AMBON17-084,BBL2,20170821,69.45,-163.921,9.89,8.07,30.41,6,,,,,,
AMBON17-084,BBL2,20170821,69.45,-163.921,4.91,8.55,30.31,7,2.03,0.26,0.69,0.3,11.59,
AMBON17-084,BBL2,20170821,69.45,-163.921,4.96,8.55,30.31,8,,,,,,
AMBON17-085,BBL3,20170821,69.549,-164.422,23.92,7.51,30.89,1,1.45,3.64,1.15,1.09,23.21,
AMBON17-085,BBL3,20170821,69.549,-164.422,23.84,7.51,30.89,2,,,,,,
AMBON17-085,BBL3,20170821,69.549,-164.421,19.83,8.13,30.83,3,,,,,,
AMBON17-085,BBL3,20170821,69.549,-164.421,19.92,8.01,30.87,4,,,,,,
AMBON17-085,BBL3,20170821,69.549,-164.421,9.9,8.49,30.61,5,2.34,0.27,0.47,0.14,8.25,
AMBON17-085,BBL3,20170821,69.549,-164.421,9.91,8.47,30.61,6,,,,,,
AMBON17-085,BBL3,20170821,69.549,-164.421,5.2,8.68,30.6,7,1.74,0.42,0.53,0.08,6.23,
AMBON17-085,BBL3,20170821,69.549,-164.421,5.17,8.68,30.6,8,,,,,,
AMBON17-086,BBL4,20170821,69.641,-164.814,27.42,7.25,31.78,1,0.92,2.76,1.1,1.04,20.63,
AMBON17-086,BBL4,20170821,69.641,-164.813,27.03,7.26,31.77,2,,,,,,
AMBON17-086,BBL4,20170821,69.642,-164.813,21.67,8.73,30.88,3,,,,,,
AMBON17-086,BBL4,20170821,69.642,-164.813,21.82,8.73,30.88,4,,,,,,
AMBON17-086,BBL4,20170821,69.642,-164.813,19.79,8.74,30.83,5,3.3,0.34,0.53,0.23,3.88,
AMBON17-086,BBL4,20170821,69.642,-164.813,20.29,8.75,30.85,6,,,,,,
AMBON17-086,BBL4,20170821,69.642,-164.813,10.36,8.93,30.66,7,1,0.25,0.19,0.36,2.97,
AMBON17-086,BBL4,20170821,69.642,-164.813,10.43,8.93,30.66,8,,,,,,
AMBON17-086,BBL4,20170821,69.642,-164.813,4.11,8.93,30.66,9,1.26,1.11,0.52,0.52,2.98,
AMBON17-086,BBL4,20170821,69.642,-164.813,4.33,8.93,30.66,10,,,,,,
AMBON17-087,BBL5,20170821,69.734,-165.213,34.67,7.29,31.89,1,0.66,1.54,1.01,0.77,15.4,
AMBON17-087,BBL5,20170821,69.734,-165.213,34.02,7.3,31.89,2,,,,,,
AMBON17-087,BBL5,20170821,69.734,-165.213,30.48,7.3,31.89,3,0.89,1.62,0.92,0.78,12.83,
AMBON17-087,BBL5,20170821,69.734,-165.213,30.89,7.3,31.89,4,,,,,,
AMBON17-087,BBL5,20170821,69.735,-165.213,23.29,8.41,31.46,5,,,,,,
AMBON17-087,BBL5,20170821,69.735,-165.213,23.72,8.26,31.58,6,,,,,,
AMBON17-087,BBL5,20170821,69.735,-165.212,20.37,8.6,31.03,7,2.08,0.31,0.52,0.14,2.02,
AMBON17-087,BBL5,20170821,69.735,-165.212,20.03,8.66,30.98,8,,,,,,
AMBON17-087,BBL5,20170821,69.735,-165.212,9.63,9.15,30.82,9,1.5,0.73,0.52,0.12,1.89,
AMBON17-087,BBL5,20170821,69.735,-165.212,9.83,9.15,30.82,10,,,,,,
AMBON17-087,BBL5,20170821,69.736,-165.211,4.98,9.15,30.81,11,1.16,0.24,0.5,0.19,2.83,
AMBON17-087,BBL5,20170821,69.736,-165.211,5.23,9.15,30.81,12,,,,,,
AMBON17-088,BBL6,20170821,69.825,-165.631,35.81,5.86,32.11,1,0.53,2.74,1.06,0.93,13.32,
AMBON17-088,BBL6,20170821,69.825,-165.631,36.33,5.86,32.11,2,,,,,,
AMBON17-088,BBL6,20170821,69.825,-165.631,30.29,6.08,32.08,3,0.54,2.65,1.19,0.92,14.94,
AMBON17-088,BBL6,20170821,69.825,-165.631,30.13,6.1,32.08,4,,,,,,
AMBON17-088,BBL6,20170821,69.825,-165.63,21.46,8.3,31.48,5,3.67,1.17,0.44,0.61,1.78,
AMBON17-088,BBL6,20170821,69.825,-165.63,20.92,8.4,31.42,6,,,,,,
AMBON17-088,BBL6,20170821,69.826,-165.63,10.56,8.76,31.14,7,1.1,1.2,0.45,0.18,1.78,
AMBON17-088,BBL6,20170821,69.826,-165.63,9.91,8.76,31.13,8,,,,,,
AMBON17-088,BBL6,20170821,69.826,-165.63,5.4,8.88,31.02,9,1.16,4.81,0.56,0.52,1.78,
AMBON17-088,BBL6,20170821,69.826,-165.63,5.39,8.88,31.02,10,,,,,,
AMBON17-089,BBL7,20170821,69.917,-166.055,41.67,5.53,32.22,1,0.55,2.08,1.11,1.6,14.31,
AMBON17-089,BBL7,20170821,69.917,-166.055,41.99,5.54,32.22,2,,,,,,
AMBON17-089,BBL7,20170821,69.917,-166.056,29.15,5.72,32.2,3,0.44,3.39,1,2.41,11.28,
AMBON17-089,BBL7,20170821,69.917,-166.056,29.46,5.72,32.2,4,,,,,,
AMBON17-089,BBL7,20170821,69.917,-166.056,20.36,7.91,31.73,5,3.91,0.62,0.47,0.62,3.68,
AMBON17-089,BBL7,20170821,69.917,-166.056,20.47,7.88,31.74,6,,,,,,
AMBON17-089,BBL7,20170821,69.917,-166.056,10.44,8.43,31.29,7,1.2,0.23,0.43,0.72,3.82,
AMBON17-089,BBL7,20170821,69.917,-166.056,9.96,8.44,31.29,8,,,,,,
AMBON17-089,BBL7,20170821,69.917,-166.056,4.85,8.44,31.28,9,1.27,0.44,0.56,1.21,1.78,
AMBON17-089,BBL7,20170821,69.917,-166.056,4.48,8.44,31.28,10,,,,,,
AMBON17-090,BBL8,20170822,70.006,-166.473,42.74,5.42,32.26,1,0.44,1.83,1.15,2.11,14.56,
AMBON17-090,BBL8,20170822,70.006,-166.473,42.54,5.42,32.26,2,,,,,,
AMBON17-090,BBL8,20170822,70.006,-166.472,30.32,7.44,31.92,3,1.82,0.5,0.48,1.46,3.97,
AMBON17-090,BBL8,20170822,70.006,-166.472,30.95,7.36,31.96,4,,,,,,
AMBON17-090,BBL8,20170822,70.006,-166.472,20.25,7.69,31.82,5,2.45,0.43,0.51,1.46,4.17,
AMBON17-090,BBL8,20170822,70.006,-166.472,19.83,7.69,31.82,6,,,,,,
AMBON17-090,BBL8,20170822,70.006,-166.472,9.96,7.95,31.71,7,1.42,0.47,0.42,1.06,1.78,
AMBON17-090,BBL8,20170822,70.006,-166.472,9.75,7.97,31.7,8,,,,,,
AMBON17-090,BBL8,20170822,70.006,-166.472,5.28,8.13,31.61,9,1.4,0.28,0.35,0.48,1.78,
AMBON17-090,BBL8,20170822,70.006,-166.472,5.34,8.13,31.61,10,,,,,,
AMBON17-091,BBL9,20170822,70.097,-166.909,45.02,5.2,32.45,1,0.3,1.45,0.98,1.36,12.5,
AMBON17-091,BBL9,20170822,70.097,-166.909,41.08,5.21,32.45,2,0.26,1.41,1.01,1.1,12.74,
AMBON17-091,BBL9,20170822,70.097,-166.908,30.85,5.36,32.45,3,0.27,0.93,0.84,1.51,13.94,
AMBON17-091,BBL9,20170822,70.097,-166.909,27.23,6.3,32.37,4,,,,,,
AMBON17-091,BBL9,20170822,70.097,-166.909,25.14,6.54,32.34,5,,,,,,
AMBON17-091,BBL9,20170822,70.097,-166.909,23.37,6.66,32.33,6,,,,,,
AMBON17-091,BBL9,20170822,70.097,-166.909,21.65,6.84,32.29,7,,,,,,
AMBON17-091,BBL9,20170822,70.097,-166.909,20.34,6.98,32.22,8,2.04,0.56,0.29,0.51,2.88,
AMBON17-091,BBL9,20170822,70.097,-166.909,17.81,7.07,32.18,9,,,,,,
AMBON17-091,BBL9,20170822,70.097,-166.909,16.13,7.14,32.15,10,,,,,,
AMBON17-091,BBL9,20170822,70.097,-166.909,14.18,7.29,32.08,11,,,,,,
AMBON17-091,BBL9,20170822,70.097,-166.909,11.59,7.45,32,12,,,,,,
AMBON17-091,BBL9,20170822,70.097,-166.909,9.42,7.46,31.99,13,1.56,0.41,0.25,1.09,1.87,
AMBON17-091,BBL9,20170822,70.097,-166.908,4.78,7.46,31.99,14,,,,,,
AMBON17-092,BBL10,20170822,70.193,-167.364,47.31,3.89,32.76,1,0.68,4.39,1.52,6.69,12.93,
AMBON17-092,BBL10,20170822,70.193,-167.364,47.56,3.89,32.75,2,,,,,,
AMBON17-092,BBL10,20170822,70.193,-167.364,39,3.89,32.75,3,0.78,4.49,1.49,7.14,12.91,
AMBON17-092,BBL10,20170822,70.193,-167.364,39.41,3.89,32.75,4,,,,,,
AMBON17-092,BBL10,20170822,70.193,-167.364,29.23,6.43,32.46,5,0.66,1.06,0.49,0.64,1.78,
AMBON17-092,BBL10,20170822,70.193,-167.364,28.9,6.45,32.46,6,,,,,,
AMBON17-092,BBL10,20170822,70.192,-167.364,19.23,6.61,32.44,7,1,0.55,0.44,0.68,3.79,
AMBON17-092,BBL10,20170822,70.192,-167.364,19.08,6.61,32.44,8,,,,,,
AMBON17-092,BBL10,20170822,70.192,-167.364,9.66,6.66,32.41,9,1.99,0.43,0.42,0.41,4.72,
AMBON17-092,BBL10,20170822,70.193,-167.364,9.67,6.66,32.41,10,,,,,,
AMBON17-092,BBL10,20170822,70.193,-167.364,4.2,6.67,32.4,11,1.64,0.38,0.41,0.4,1.78,
AMBON17-092,BBL10,20170822,70.193,-167.364,4.42,6.67,32.4,12,,,,,,
AMBON17-093,BBL11,20170822,70.281,-167.815,45.74,1.68,32.5,1,0.93,3.25,1.41,3.84,13.18,
AMBON17-093,BBL11,20170822,70.281,-167.815,45.75,1.68,32.5,2,,,,,,
AMBON17-093,BBL11,20170822,70.281,-167.815,40.39,1.67,32.5,3,0.83,5.7,1.34,3.69,11.36,
AMBON17-093,BBL11,20170822,70.281,-167.815,40.76,1.67,32.5,4,,,,,,
AMBON17-093,BBL11,20170822,70.281,-167.815,30.4,1.55,32.36,5,1.4,2.39,1.04,2,8.98,
AMBON17-093,BBL11,20170822,70.281,-167.815,30.13,1.55,32.35,6,,,,,,
AMBON17-093,BBL11,20170822,70.281,-167.815,19.42,6.64,32.09,7,0.64,0.3,0.33,0.36,1.78,
AMBON17-093,BBL11,20170822,70.281,-167.815,19.39,6.64,32.09,8,,,,,,
AMBON17-093,BBL11,20170822,70.281,-167.815,8.75,6.64,32.05,9,0.88,0.51,0.32,0.47,1.93,
AMBON17-093,BBL11,20170822,70.281,-167.815,8.76,6.64,32.05,10,,,,,,
AMBON17-093,BBL11,20170822,70.281,-167.815,4.81,6.65,32.03,11,0.92,0.24,0.3,0.4,1.78,
AMBON17-093,BBL11,20170822,70.281,-167.815,5.07,6.65,32.03,12,,,,,,
AMBON17-094,BBL12,20170822,70.369,-168.281,43.71,1.49,32.32,1,1.76,3.34,1.27,2.29,17.54,
AMBON17-094,BBL12,20170822,70.369,-168.281,43.83,1.49,32.32,2,,,,,,
AMBON17-094,BBL12,20170822,70.369,-168.282,30.23,1.71,32.22,3,4.08,1.38,0.93,0.5,9.75,
AMBON17-094,BBL12,20170822,70.369,-168.282,30.64,1.7,32.22,4,,,,,,
AMBON17-094,BBL12,20170822,70.369,-168.282,20.95,6.75,32,5,0.88,1.97,0.27,0.31,1.78,
AMBON17-094,BBL12,20170822,70.369,-168.282,21.38,6.76,32.01,6,,,,,,
AMBON17-094,BBL12,20170822,70.368,-168.283,11.52,6.8,31.95,7,0.93,3.11,0.26,0.34,1.78,
AMBON17-094,BBL12,20170822,70.368,-168.283,11.08,6.8,31.95,8,,,,,,
AMBON17-094,BBL12,20170822,70.368,-168.283,6.02,6.81,31.95,9,0.73,3.24,0.26,1.32,5.99,
AMBON17-094,BBL12,20170822,70.368,-168.283,5.94,6.81,31.95,10,,,,,,
